"inmateid","admitted_dt","discharged_dt","custody_level","bradh","race","gender","age","inmate_status_code","sealed","srg_flg","top_charge","infraction"
"20216388","2021-11-14T12:28:56.000",,"MIN","Y","O","M","25","DE","N","N","220.39","N"
"20203223","2022-04-23T11:56:25.000",,"MED","Y","W","M","29","DE","N","N","155.35","N"
"20194796","2020-12-10T12:55:00.000",,"MAX","N","B","M","33","DE","N","N","125.25","Y"
"20205780","2021-04-17T20:46:30.000",,"MAX","Y","B","M","26","DE","N","Y","120.10","N"
"33590","2019-12-11T16:10:00.000",,"MAX","N","B","M","37","DE","N","Y","265.03","Y"
"20008300","2022-03-30T16:24:22.000",,"MAX","N","B","M","35","DE","N","N","120.10","N"
"20209668","2022-01-12T18:20:43.000",,"MED","N","O","M","28","DE","N","N","140.25","N"
"94684","2022-03-31T22:45:52.000",,"MAX","Y","O","M","50","DE","N","Y","140.20","Y"
"20210150","2020-05-27T23:43:00.000",,"MAX","N","B","M","30","DE","N","Y","125.25","Y"
"159669","2022-02-11T13:02:09.000",,"MED","N","B","M","31","DE","N","N","220.16","N"
"11485","2022-05-31T14:25:23.000",,"MIN","N","B","M","60","CS","N","N","110-265.03","N"
"20219148","2022-06-14T15:49:56.000",,,"N","O","M","36","CS","N","N","130.52","N"
"17084","2022-05-28T00:46:22.000",,"MIN","N","A","F","55","DE","N","N","160.15","N"
"65637","2022-04-26T13:51:01.000",,"MIN","N","U","M","36","CS","N","N","110-265.03","N"
"20108133","2022-01-19T11:03:00.000",,"MAX","N","B","M","28","DE","N","Y","135.20","N"
"20125846","2022-06-24T12:22:42.000",,,"N","A","M","37","DEP","N","N","CO","N"
"20218244","2022-04-15T23:40:22.000",,"MED","N","O","M","22","DE","N","N","160.15","N"
"20218853","2022-05-25T17:01:42.000",,"MED","N","W","M","44","DE","N","N","C-COM","N"
"20010895","2021-08-08T00:59:35.000",,"MAX","Y","O","M","31","DE","N","N","160.05","Y"
"20217085","2022-01-22T12:56:46.000",,"MIN","Y","B","M","35","DE","N","N","140.20","Y"
"20214646","2022-05-20T15:12:43.000",,"MIN","N","B","M","37","SSR","N","N",,"N"
"86862","2021-03-10T01:18:02.000",,"MAX","Y","O","M","32","DE","N","N","135.25","Y"
"20218028","2022-04-01T00:17:00.000",,"MIN","Y","O","M","68","DE","N","N","120.05","N"
"20171702","2022-05-11T01:56:32.000",,"MAX","N","B","M","27","DE","N","N","160.15","N"
"20196004","2022-04-03T10:26:12.000",,"MED","Y","B","M","21","DE","N","Y","265.03","Y"
"118341","2022-04-29T16:39:08.000",,"MAX","Y","B","M","37","CS","N","Y","160.15","N"
"20215843","2021-09-24T13:48:22.000",,"MED","Y","W","M","28","DE","N","N","220.16","Y"
"20196577","2022-06-11T01:38:57.000",,"MAX","N","B","M","23","DE","N","N","110-265.03","N"
"133860","2018-11-24T21:22:52.000",,"MED","Y","W","M","56","DE","N","N","125.25","N"
"20036134","2021-12-10T22:33:22.000",,"MIN","Y","W","M","29","DE","N","N","160.15","N"
"144577","2018-12-11T16:56:00.000",,"MED","N","B","M","51","DE","N","N","125.25","N"
"18896","2021-02-06T13:27:51.000",,"MAX","Y","B","M","37","DE","N","Y","265.03","Y"
"145664","2022-04-08T00:51:00.000",,"MIN","N","B","M","70","DE","N","N","140.20","N"
"20114348","2022-06-09T15:21:15.000",,"MAX","N","W","M","32","DE","N","N","110-160.15","N"
"64623","2022-06-23T22:26:14.000",,,"N","O","M","41","DE","N","N","155.30","N"
"20210212","2022-02-19T19:17:10.000",,"MED","N","B","M","20","DE","N","N","1192(3)","Y"
"20204573","2022-06-03T00:32:00.000",,"MED","Y","W","F","24","DE","N","N","120.05","N"
"20188223","2018-05-12T14:56:00.000",,"MAX","Y","B","M","25","DE","N","Y","125.25","Y"
"62293","2022-04-18T11:24:37.000",,"MIN","Y","O","M","37","DE","N","N","140.25","N"
"120146","2021-07-14T11:55:00.000",,"MED","N","B","M","42","DE","N","N","265.03","N"
"20214831","2022-06-28T15:00:55.000",,,"N","B","M","35","DE","N","N","140.30","N"
"20140595","2022-06-19T20:36:00.000",,"MED","Y","B","M","26","DE","N","N","120.00","N"
"79187","2021-12-22T17:44:04.000",,"MED","Y","B","M","35","DE","N","N","120.10","N"
"20211836","2020-10-29T17:01:46.000",,"MIN","N","O","M","45","DNS","N","N",,"N"
"20207807","2022-03-30T16:12:09.000",,"MED","Y","B","M","20","CS","N","Y","110-265.03","N"
"20165825","2021-10-02T11:33:39.000",,"MAX","N","O","M","24","DE","N","N","120.10","Y"
"20207532","2019-10-11T14:44:09.000",,"MED","N","O","M","55","DE","N","N","120.10","Y"
"20024987","2020-11-22T01:21:00.000",,"MED","N","B","M","41","DE","N","N","125.25","Y"
"20082834","2022-02-10T15:40:00.000",,"MAX","Y","O","M","27","DE","N","Y",,"Y"
"20091811","2021-10-03T19:14:40.000",,"MIN","N","O","M","45","DE","N","N","110-120.10","Y"
"165858","2022-06-24T01:00:00.000",,,"Y","B","M","30","DE","N","N","145.00","N"
"97053","2021-11-28T13:31:49.000",,"MED","Y","B","M","43","DE","N","Y","160.15","N"
"81932","2022-04-19T11:24:39.000",,"MIN","N","B","M","35","CS","N","N","265.01","N"
"20219040","2022-06-07T17:05:33.000",,"MED","N","O","M","34","DE","N","N","105.17","N"
"20209077","2022-05-02T01:34:48.000",,"MIN","N","B","M","22","DE","N","N","265.03","N"
"27820","2022-06-08T14:08:18.000",,"MIN","N","O","M","35","CS","N","N","120.14","N"
"20104544","2022-04-24T12:43:24.000",,"MED","Y","B","M","38","DE","N","N","160.10","N"
"20217346","2022-02-09T00:33:08.000",,"MIN","Y","A","M","32","DE","N","N","110-160.15","N"
"20167225","2022-05-23T00:42:14.000",,"MIN","Y","I","M","30","CS","N","N","265.02","N"
"20203434","2021-12-22T10:33:30.000",,"MAX","Y","B","M","20","SSR","N","Y",,"Y"
"20154078","2022-05-22T20:35:15.000",,"MAX","Y","B","M","31","DE","N","N","160.10","N"
"20207546","2019-10-11T23:38:32.000",,"MIN","N","O","M","54","DE","N","N","110-125.25","Y"
"20094285","2022-05-06T20:32:42.000",,"MED","N","W","M","35","CS","N","N","220.03","N"
"20065393","2022-04-17T08:29:27.000",,"MED","Y","W","M","35","DE","N","N","165.52","N"
"20162009","2022-05-13T17:57:52.000",,"MED","Y","O","M","34","DE","N","N","170.25","N"
"20169897","2022-06-05T01:00:42.000",,"MED","N","O","M","33","DE","N","N","460.20","N"
"20100235","2022-04-07T12:06:33.000",,"MIN","N","B","M","37","DE","N","N","265.03","N"
"95753","2022-03-28T19:37:14.000",,"MIN","Y","B","M","61","DE","N","N","120.05","N"
"20928","2022-03-16T22:25:29.000",,"MAX","Y","O","M","35","CS","N","N","215.50","N"
"142532","2021-12-30T13:55:00.000",,"MED","Y","B","F","45","DE","N","N","140.25","Y"
"20199068","2022-06-08T00:55:17.000",,"MAX","N","B","M","26","DE","N","Y","110-125.25","N"
"165520","2021-03-18T00:38:46.000",,"MAX","Y","O","M","31","DE","N","Y","265.03","Y"
"20218495","2022-05-04T12:11:20.000",,"MED","N","B","M","31","DE","N","N","265.03","N"
"79221","2021-07-13T17:11:07.000",,"MAX","Y","B","M","32","DE","N","Y","125.25","Y"
"126614","2019-08-01T21:18:37.000",,"MED","N","B","M","40","DE","N","N","125.25","N"
"20212415","2022-04-18T11:43:19.000",,"MED","N","B","M","24","CS","N","N",,"N"
"20034532","2022-01-21T16:19:44.000",,"MAX","Y","O","M","39","DE","N","N","160.15","N"
"20206302","2019-08-10T12:53:00.000",,"MED","N","A","M","45","DE","N","N","125.25","N"
"20206388","2019-08-14T16:27:00.000",,"MED","N","O","M","30","DE","N","N","125.25","N"
"20218257","2022-05-17T12:40:29.000",,"MED","N","B","M","32","DE","N","N","125.25","N"
"20216022","2021-10-13T12:31:45.000",,"MED","N","O","M","42","DE","N","N","130.75","N"
"20207225","2019-09-25T21:06:27.000",,"MAX","Y","O","M","20","DE","N","Y","125.25","Y"
"76626","2022-03-20T20:09:45.000",,"MIN","Y","O","M","58","DE","N","N","110-125.25","N"
"56989","2022-04-13T12:10:44.000",,"MED","N","B","M","34","CS","N","N","265.01B","N"
"134380","2022-01-11T11:40:35.000",,"MAX","Y","B","M","34","DEP","N","Y","265.03","Y"
"20216541","2021-11-27T17:17:39.000",,"MIN","N","O","M","27","DE","N","N","160.15","N"
"20208295","2022-02-17T11:42:38.000",,"MED","N","O","M","31","DE","N","N","121.12","N"
"164385","2020-07-21T16:18:46.000",,"MED","Y","B","M","35","DE","N","N","265.13","N"
"20161440","2021-03-09T23:42:42.000",,"MED","Y","W","M","26","DE","N","N","110-125.25","N"
"20107467","2022-03-16T16:46:07.000",,"MAX","Y","B","M","29","DE","N","Y","110-130.50","N"
"20218537","2022-05-06T17:18:10.000",,"MED","Y","B","M","20","DE","N","Y","160.15","N"
"20150861","2022-04-30T10:26:21.000",,"MIN","N","B","M","23","DE","N","N","110-160.15","N"
"20207191","2019-09-23T18:54:00.000",,"MED","Y","O","M","42","DE","N","N","125.25","N"
"20218224","2022-05-01T00:52:03.000",,"MED","N","B","M","18","DE","N","N","160.15","N"
"87641","2021-04-07T12:53:14.000",,"MAX","Y","B","M","35","DE","N","Y","160.15","Y"
"20104444","2022-03-08T17:47:19.000",,"MIN","Y","O","M","44","DE","N","N","120.05","N"
"119456","2022-05-14T16:39:56.000",,"MED","N","B","M","58","DE","N","N","263.15","N"
"20159977","2022-01-28T00:50:02.000",,"MAX","Y","O","M","43","DE","N","N","160.15","N"
"20197853","2022-04-13T00:40:43.000",,"MAX","Y","B","M","21","DE","N","Y","160.15","N"
"20207486","2019-10-09T21:13:15.000",,"MED","Y","O","M","49","DE","N","N","125.25","N"
"20061382","2022-05-21T01:33:42.000",,"MAX","N","B","M","47","DE","N","N","160.05","N"
"20209971","2020-05-07T11:27:26.000",,"MED","Y","W","M","39","DE","N","N","130.96","N"
"20082156","2022-03-03T20:12:54.000",,"MAX","Y","O","M","27","DE","N","N","160.15","N"
"15405","2022-05-04T17:12:54.000",,"MED","N","B","M","42","DE","N","N","265.03","N"
"20213294","2021-03-07T10:47:00.000",,"MAX","Y","O","M","20","DE","N","N","511(1)(A)","Y"
"20197861","2021-09-24T13:29:40.000",,"MED","Y","B","M","20","DE","N","N","160.15","Y"
"21877","2020-12-09T00:58:10.000",,"MIN","Y","B","M","35","DE","N","N","220.39","N"
"20214589","2021-09-09T20:31:34.000",,"MAX","Y","B","M","19","DE","N","N","110-125.25","Y"
"20113992","2020-11-26T20:28:40.000",,"MAX","Y","B","M","25","DNS","N","Y",,"Y"
"20210537","2022-06-16T15:50:04.000",,,"N","O","M","29","CS","N","N","120.05","N"
"20132863","2019-08-12T21:03:59.000",,"MAX","Y","O","M","27","DE","N","Y","125.25","Y"
"20144034","2022-05-04T00:08:57.000",,"MED","Y","A","M","27","DE","N","N","140.25","N"
"20218277","2022-04-19T15:47:09.000",,"MIN","N","W","M","36","DE","N","N","160.05","N"
"20078499","2022-05-17T11:46:59.000",,"MAX","N","B","M","26","DE","N","N","110-125.25","N"
"20140674","2020-01-03T12:18:18.000",,"MAX","N","B","M","40","DE","N","Y","110-125.25","Y"
"20217405","2022-02-12T00:25:30.000",,"MIN","Y","A","M","59","DE","N","N","110-125.25","N"
"85307","2022-03-22T17:52:12.000",,"MED","N","B","M","57","DE","N","N","140.25","N"
"20184416","2019-05-09T16:46:00.000",,"MAX","N","B","M","28","DE","N","Y","125.27","Y"
"20191482","2018-01-24T01:01:46.000",,"MED","N","O","M","34","DE","N","N","125.25","Y"
"20211713","2022-04-02T11:48:54.000",,"MED","N","B","M","59","DE","N","N","160.15","N"
"6441","2021-12-03T01:53:34.000",,"MED","Y","B","M","39","DE","N","N","265.03","Y"
"20210692","2020-08-01T21:02:22.000",,"MED","N","O","M","35","DE","N","N","130.75","N"
"20212821","2021-01-26T10:57:59.000",,"MED","N","B","M","20","DE","N","Y","125.25","Y"
"142571","2022-04-26T13:07:06.000",,"MED","N","B","M","45","CS","N","N","215.50","N"
"20214000","2021-05-09T22:05:50.000",,"MED","Y","A","M","35","DE","N","N","125.25","N"
"20181817","2021-09-04T19:17:50.000",,"MAX","Y","O","M","30","DE","N","Y","110-125.25","Y"
"20218130","2022-04-07T12:11:56.000",,"MIN","N","O","M","28","CS","N","N","110-265.03","N"
"20104555","2018-07-19T23:53:00.000",,"MAX","Y","B","M","28","DE","N","N","125.25","Y"
"76036","2022-02-19T02:11:33.000",,"MAX","N","O","M","39","DE","N","Y","110-125.25","N"
"20159437","2022-04-25T12:32:01.000",,"MED","Y","B","M","30","DE","N","N","110-160.15","N"
"20177106","2022-02-02T20:37:09.000",,"MED","N","W","M","29","DE","N","N","160.15","N"
"20090786","2022-04-16T01:25:24.000",,"MAX","N","O","M","27","DE","N","Y","265.03","N"
"20219335","2022-06-23T22:10:56.000",,"MIN","N","B","M","20","DE","N","N","110-120.10","N"
"20105387","2021-07-12T20:01:44.000",,"MIN","N","O","M","64","DE","N","N","120.05H","N"
"20093308","2021-04-28T16:18:52.000",,"MED","N","W","M","35","DE","N","N","125.25","Y"
"20154123","2022-06-24T18:18:23.000",,,"N","O","M","25","DEP","N","N","CO","N"
"132132","2022-06-08T01:24:33.000",,"MAX","N","W","M","33","DE","N","N","140.25","N"
"20139987","2022-02-02T22:08:18.000",,"MED","Y","B","M","29","DE","N","N","265.03","N"
"20216774","2021-12-17T01:12:00.000",,"MED","N","B","M","23","DE","N","N","160.15","N"
"20159241","2022-01-20T15:40:36.000",,"MIN","Y","O","M","25","CS","N","N","110-120.05","N"
"89736","2019-10-12T14:34:00.000",,"MED","Y","B","M","48","DEP","N","N","125.25","Y"
"20206600","2022-06-15T20:05:09.000",,"MIN","Y","B","M","64","DEP","N","N","VOP","N"
"20170355","2022-01-31T13:17:34.000",,"MAX","Y","O","M","25","DE","N","N","265.03","Y"
"20217564","2022-02-24T11:36:44.000",,"MIN","Y","O","M","23","CS","N","N","125.10","N"
"20204288","2022-03-28T14:08:06.000",,"MED","Y","O","M","22","DE","N","N","110-125.25","N"
"118055","2020-11-19T17:25:13.000",,"MED","Y","B","M","52","DE","N","N","135.20","N"
"20216357","2021-11-11T19:23:00.000",,"MED","N","O","M","29","DE","N","N","130.75","N"
"26781","2022-02-21T12:05:27.000",,"MAX","Y","B","M","42","DE","N","N","140.20","N"
"20214847","2021-07-11T17:25:13.000",,"MED","N","B","M","22","DE","N","Y","265.03","Y"
"20215683","2021-09-12T01:20:01.000",,"MIN","N","O","M","30","DE","N","N","110-120.10","Y"
"20131482","2022-03-03T15:51:00.000",,"MAX","Y","B","M","29","DE","N","N","110-125.25","Y"
"20179683","2020-09-12T12:46:44.000",,"MED","Y","O","M","28","DE","N","N","110-125.25","Y"
"20169417","2022-06-15T16:41:27.000",,"MIN","Y","B","M","36","DE","N","N","140.20","N"
"159803","2022-06-09T14:04:29.000",,"MED","N","W","M","49","DPV","N","Y",,"N"
"20169090","2022-05-31T11:02:18.000",,"MIN","N","O","M","26","DE","N","N","265.03","N"
"20076857","2018-11-30T01:05:00.000",,"MAX","N","B","M","32","DE","N","Y","130.35","Y"
"71459","2022-06-23T20:23:41.000",,,"N","O","M","41","DEP","N","N","155.35","N"
"20041729","2022-05-20T14:19:21.000",,"MED","N","B","M","35","DE","N","N","130.65","N"
"20045393","2019-08-24T19:53:59.000",,"MIN","N","O","M","49","DE","N","N","220.77","N"
"20082906","2022-06-03T20:47:38.000",,"MAX","N","B","M","52","DE","N","N","215.52","Y"
"20006941","2022-05-28T17:23:00.000",,"MED","Y","O","M","31","DE","N","Y","155.35","N"
"20208810","2020-03-11T16:25:00.000",,"MED","Y","O","M","46","DE","N","N","125.25","N"
"20218753","2022-05-19T15:55:28.000",,"MIN","N","O","M","26","DE","N","N","220.43","N"
"20208258","2022-06-28T20:44:34.000",,,"N",,,,"DE","N","N",,"N"
"82755","2022-02-05T16:19:51.000",,"MIN","N","O","M","36","SSR","N","N","220.03","N"
"20205224","2022-06-08T10:21:06.000",,"MED","N","O","M","35","DNS","N","N",,"N"
"20210242","2021-12-08T15:23:31.000",,"MED","Y","O","M","21","DE","N","N","120.10","N"
"20018777","2022-06-01T00:19:55.000",,"MED","Y","B","M","40","DE","N","N","265.03","N"
"72839","2022-04-06T14:48:16.000",,"MED","Y","B","M","34","DNS","N","N",,"Y"
"20164823","2018-10-03T17:49:14.000",,"MED","N","B","M","37","DE","N","Y","135.25","Y"
"40413","2021-07-14T14:50:00.000",,"MAX","Y","B","M","33","DE","N","N","265.03","Y"
"20218905","2022-05-28T13:35:40.000",,"MIN","N","O","M","26","DE","N","N","220.21","N"
"39875","2022-03-03T21:43:44.000",,"MAX","Y","B","M","34","DE","N","Y","110-125.25","Y"
"20132718","2022-03-23T20:02:45.000",,"MED","Y","B","M","34","DE","N","N","110-125.27","N"
"20218960","2022-06-02T07:14:33.000",,"MAX","N","B","M","18","DE","N","Y","160.15","N"
"20212678","2021-05-09T00:56:18.000",,"MIN","Y","B","M","26","DE","N","N","110-120.10","N"
"20180185","2019-09-29T02:21:06.000",,"MAX","Y","B","M","26","DE","N","N","110-125.25","Y"
"20213107","2021-05-07T12:18:35.000",,"MED","Y","B","M","28","DE","N","N","135.25","N"
"10008879","2022-06-12T16:05:21.000",,"MIN","N","O","M","31","DEP","N","N","155.25","N"
"20213163","2022-05-17T15:02:36.000",,"MIN","N","B","M","21","CS","N","Y","110-265.03","N"
"6986","2021-10-28T00:29:16.000",,"MIN","N","B","M","57","DEP","N","N","140.20","N"
"20209797","2020-04-07T03:56:04.000",,"MAX","Y","B","M","28","DE","N","N","125.25","Y"
"20218563","2022-05-08T01:24:08.000",,"MIN","N","B","M","32","DE","N","N","265.03","N"
"20216733","2022-04-01T22:25:12.000",,"MIN","Y","B","M","20","DE","N","N","215.51","N"
"20210236","2021-08-12T15:51:51.000",,"MAX","N","O","M","20","DE","N","N","130.35","Y"
"20099979","2021-12-22T12:30:58.000",,"MAX","Y","B","M","36","DE","N","N","110-125.25","N"
"160142","2021-11-22T22:43:00.000",,"MIN","Y","B","M","41","DE","N","N","140.25","Y"
"72583","2022-06-24T21:16:36.000",,,"N","W","M","38","DE","N","N","155.35","N"
"20108616","2022-06-24T15:32:00.000",,,"N","B","M","27","DE","N","N","FOA 900.00","N"
"120073","2020-07-17T11:24:57.000",,"MED","Y","A","M","38","DE","N","N","220.39","Y"
"20024643","2020-08-12T13:48:11.000",,"MED","Y","O","M","41","SSR","N","N",,"N"
"20139751","2018-05-21T12:22:20.000",,"MED","Y","B","M","37","DE","N","Y","130.95","Y"
"20162984","2022-06-08T18:12:16.000",,"MED","Y","W","M","37","DE","N","N","120.05","N"
"68662","2022-04-08T13:52:58.000",,"MED","Y","O","M","32","DE","N","N","140.25","N"
"20211435","2020-09-30T16:46:10.000",,"MED","Y","O","M","32","DE","N","N","125.25","N"
"20128902","2021-12-17T17:03:20.000",,"MED","Y","B","M","24","CS","N","N","120.05","N"
"20126766","2019-12-06T17:32:58.000",,"MED","N","B","M","31","DE","N","N","130.96","Y"
"20137265","2020-09-07T20:42:57.000",,"MAX","Y","W","M","26","DE","N","N","110-125.25","Y"
"20196542","2022-06-01T12:19:14.000",,"MED","Y","O","M","29","DE","N","N","110-140.20","N"
"144736","2021-01-12T01:28:35.000",,"MAX","N","W","M","31","DE","N","N","220.39","Y"
"79096","2019-01-26T13:25:43.000",,"MAX","N","B","M","35","DEP","N","Y","125.27","Y"
"20215005","2021-07-23T12:58:00.000",,"MED","N","O","M","29","DE","N","N","130.70","N"
"10012151","2022-04-21T23:56:10.000",,"MED","N","B","M","30","DE","N","N","110-125.25","N"
"20208440","2019-11-30T10:58:37.000",,"MED","Y","W","M","24","DE","N","N","110-125.25","Y"
"20216186","2021-10-28T21:21:25.000",,"MIN","Y","W","M","44","DE","N","N","265.03","N"
"20218203","2022-04-13T12:27:14.000",,"MIN","N","O","M","26","DE","N","N","220.21","N"
"20218323","2022-06-23T22:23:03.000",,,"N","B","M","58","DE","N","N","140.20","N"
"20218798","2022-05-21T21:53:59.000",,"MIN","N","O","M","43","DE","N","N","220.39","N"
"20210790","2022-02-28T20:10:40.000",,"MIN","Y","B","M","41","DE","N","N","265.03","N"
"20136319","2020-06-11T11:15:25.000",,"MED","Y","O","M","48","DE","N","N","130.96","N"
"12190","2022-02-19T13:43:16.000",,"MAX","Y","B","M","57","DE","N","N","220.39","N"
"20086908","2019-11-02T16:23:32.000",,"MAX","Y","O","M","26","DE","N","Y","160.15","Y"
"20195693","2022-04-14T18:12:40.000",,"MED","Y","B","M","33","CS","N","N","215.52","N"
"20187963","2017-10-12T14:33:00.000",,"MAX","Y","B","M","31","DE","N","N","130.35","Y"
"27285","2022-01-21T15:49:09.000",,"MIN","N","O","M","46","DE","N","N","265.03","N"
"20193880","2022-04-06T12:44:58.000",,"MAX","Y","W","M","20","DE","N","Y","160.10","N"
"133058","2021-05-05T13:25:00.000",,"MAX","Y","B","M","33","DE","N","N","125.25","Y"
"20170060","2021-07-18T20:57:49.000",,"MAX","Y","B","M","22","DE","N","Y","160.15","Y"
"20211908","2020-11-05T01:57:49.000",,"MED","N","O","M","47","DE","N","N","125.25","N"
"20112193","2022-05-28T01:21:20.000",,"MED","N","O","M","28","DEP","N","N","165.45","N"
"153949","2022-02-27T13:49:00.000",,"MAX","Y","O","M","32","DE","N","Y","160.15","Y"
"20214406","2022-06-07T15:01:22.000",,"MAX","N","B","M","20","DE","N","Y","160.15","N"
"134070","2022-02-10T13:20:00.000",,"MED","Y","B","M","36","SSR","N","N",,"Y"
"20184729","2021-08-27T17:39:58.000",,"MIN","Y","B","M","28","DE","N","N","120.10","N"
"20104740","2022-02-24T11:47:03.000",,"MAX","N","B","M","34","DEP","N","N","VOP","N"
"25366","2022-06-24T23:49:00.000",,,"N","W","M","41","DE","N","N","160.15","N"
"20204375","2021-06-12T12:30:00.000",,"MAX","N","B","M","23","SSR","N","Y",,"Y"
"41377","2022-05-23T12:52:18.000",,"MED","Y","B","M","37","DE","N","N","160.10","N"
"25619","2022-01-15T16:45:17.000",,"MIN","N","O","M","60","DE","N","N","140.25","N"
"20200931","2020-08-17T20:16:00.000",,"MED","Y","B","M","36","DE","N","N","130.35","Y"
"20199370","2021-03-08T16:30:30.000",,"MAX","Y","O","M","21","DE","N","N","125.25","Y"
"97102","2022-04-05T10:55:00.000",,"MIN","N","B","M","59","CS","N","N","155.30","N"
"20213634","2021-04-03T22:56:00.000",,"MED","Y","B","M","37","DE","N","N","130.75","N"
"20150155","2022-04-13T16:46:25.000",,"MIN","N","O","M","25","DE","N","N",,"N"
"20203679","2019-04-16T17:07:06.000",,"MIN","N","B","M","48","DE","N","N","105.05","Y"
"20188569","2022-05-21T19:08:50.000",,"MED","Y","B","M","28","DE","N","N","130.65","N"
"20185126","2022-05-17T14:24:38.000",,"MAX","N","B","M","25","DE","N","Y","265.03","N"
"20188208","2022-04-29T11:48:29.000",,"MAX","N","A","M","21","CS","N","Y",,"Y"
"65205","2020-03-09T21:12:11.000",,"MAX","Y","B","M","44","DE","N","N","125.25","Y"
"20108417","2019-02-16T13:34:38.000",,"MAX","Y","O","F","34","DE","N","N","125.25","Y"
"159522","2020-02-03T00:28:39.000",,"MED","Y","O","M","52","DE","N","N","CO","N"
"29647","2021-02-13T00:16:10.000",,"MED","Y","B","M","43","DE","N","N","135.25","N"
"20207326","2022-05-17T13:21:03.000",,"MED","N","B","M","27","DE","N","N","110-160.15","N"
"152709","2022-05-24T23:53:15.000",,"MAX","Y","B","M","33","DE","N","N","160.15","N"
"20218647","2022-05-13T16:15:04.000",,"MED","Y","O","M","24","DE","N","N","165.50","N"
"20181447","2022-06-19T00:29:00.000",,"MED","N","B","M","25","DE","N","N","265.03","N"
"59171","2022-06-19T00:07:00.000",,,"N","B","M","36","DE","N","Y",,"N"
"108382","2022-01-23T23:03:53.000",,"MIN","Y","O","M","44","DE","N","N","120.05","N"
"4026","2021-12-19T13:13:00.000",,"MAX","Y","B","M","42","DE","N","N","120.10","Y"
"35001","2021-01-19T12:50:43.000",,"MAX","N","B","M","35","DE","N","Y","110-120.10","Y"
"20218601","2022-06-14T16:09:29.000",,"MIN","N","O","M","35","DE","N","N","155.30","N"
"20046862","2022-05-25T08:56:43.000",,"MED","Y","B","M","32","DE","N","N","160.15","N"
"20211470","2022-04-07T11:07:30.000",,"MED","N","O","M","41","DNS","N","N",,"N"
"20214412","2021-06-10T01:39:25.000",,"MED","N","O","M","19","DE","N","N","125.25","Y"
"20219240","2022-06-18T12:40:01.000",,"MED","N","O","M","47","DE","N","N","125.25","N"
"20200027","2020-02-07T15:32:46.000",,"MED","N","O","M","64","DE","N","N","130.35","N"
"20015838","2022-02-06T12:57:06.000",,"MAX","Y","B","M","36","DE","N","Y","120.05","Y"
"20097486","2022-06-13T18:04:30.000",,"MAX","Y","O","M","32","DE","N","N","110-125.25","N"
"20178678","2022-01-22T19:12:00.000",,"MAX","N","B","M","25","DEP","N","N","265.03","N"
"20028222","2021-05-06T01:07:26.000",,"MED","N","W","M","32","DE","N","N","160.15","N"
"20219260","2022-06-19T12:26:44.000",,"MED","Y","A","M","29","DE","N","N","130.65","N"
"104519","2021-09-19T17:09:18.000",,"MIN","Y","O","M","59","DE","N","N","160.10","N"
"119708","2020-02-13T00:07:18.000",,"MED","N","O","M","32","DE","N","Y","265.13","Y"
"20218915","2022-05-29T13:05:41.000",,"MED","Y","O","M","29","DE","N","N","130.52","N"
"108377","2022-06-17T13:36:21.000",,"MIN","N","W","M","43","DE","N","N","220.09","N"
"20210882","2020-08-20T23:55:17.000",,"MED","Y","O","M","69","DE","N","N","125.25","N"
"159887","2021-03-14T11:31:24.000",,"MIN","N","O","M","41","DE","N","N","110-125.25","N"
"20186840","2021-05-29T13:15:42.000",,"MAX","Y","B","M","24","DE","N","Y","110-125.25","Y"
"10001530","2022-06-16T13:01:01.000",,"MIN","N","B","M","57","DE","N","N","511(3)(I)","N"
"20145090","2021-05-23T16:40:59.000",,"MAX","Y","O","M","26","DE","N","Y","125.25","Y"
"20069198","2019-02-15T00:51:55.000",,"MED","Y","O","M","35","DNS","N","N",,"Y"
"20217072","2022-06-02T23:06:00.000",,"MED","N","B","M","19","DE","N","Y","265.03","N"
"20141786","2021-10-29T20:05:24.000",,"MAX","Y","B","F","24","DE","N","N","110-120.10","Y"
"20027209","2021-10-31T12:01:22.000",,"MED","Y","B","M","33","DE","N","N","160.10","Y"
"167566","2022-03-22T19:50:00.000",,"MIN","N","B","M","42","DE","N","N","140.25","N"
"20217261","2022-02-02T01:06:54.000",,"MED","N","O","M","30","CS","N","N","220.21","N"
"20215129","2021-07-30T22:26:16.000",,"MAX","Y","B","M","34","DE","N","N","125.25","N"
"20215920","2021-10-02T15:50:13.000",,"MED","N","B","M","43","DE","N","N","160.15","N"
"20216094","2022-05-18T16:56:18.000",,"MED","Y","W","M","38","DE","N","N","140.25","N"
"31457","2022-06-15T17:10:00.000",,"MED","Y","B","M","37","DE","N","N","160.05","N"
"20210807","2020-08-14T14:41:19.000",,"MAX","Y","O","M","24","DE","N","N","125.25","Y"
"20219120","2022-06-12T01:09:00.000",,"MIN","N","B","M","33","DE","N","N","FOA 900.00","N"
"82376","2022-06-01T16:07:01.000",,"MAX","N","B","M","32","DE","N","Y","265.03","N"
"20191861","2022-06-02T21:17:47.000",,"MED","N","B","M","22","DE","N","N","160.10","N"
"20219059","2022-06-08T15:38:07.000",,"MED","N","B","M","32","DE","N","N","265.13","N"
"20197567","2021-11-30T16:18:01.000",,"MAX","Y","B","M","26","DE","N","N","140.25","N"
"28553","2021-06-30T17:25:25.000",,"MIN","N","B","M","54","DE","N","N","220.41","N"
"20219127","2022-06-12T16:07:28.000",,"MIN","N","O","M","26","DE","N","N","120.05","N"
"20152796","2022-06-15T16:58:01.000",,"MED","Y","O","F","24","DE","N","N","120.05","Y"
"84419","2022-06-25T16:03:00.000",,,"N","B","M","49","DE","N","N","220.16","N"
"29538","2021-11-10T14:23:27.000",,"MED","Y","B","M","34","DE","N","N","CO","N"
"93277","2022-03-17T20:59:47.000",,"MED","N","B","M","43","DE","N","N","130.67","N"
"20049885","2022-02-23T13:09:42.000",,"MAX","N","B","M","37","DE","N","N","160.05","Y"
"17199","2021-09-03T17:11:44.000",,"MAX","N","B","M","39","DE","N","N","110-125.25","N"
"20216994","2022-03-07T01:01:14.000",,"MAX","Y","O","M","30","DE","N","N","140.30","Y"
"20155490","2021-08-09T21:16:02.000",,"MAX","Y","O","M","24","DE","N","Y","155.30","N"
"20165937","2022-06-24T17:18:53.000",,,"N","B","M","57","DE","N","N","265.03","N"
"20112264","2022-06-25T12:17:49.000",,,"N","B","M","38","DE","N","N","140.20","N"
"20211697","2020-10-19T00:26:00.000",,"MAX","Y","B","M","22","DE","N","N","125.25","Y"
"20163831","2021-12-24T23:51:51.000",,"MED","N","B","M","27","DE","N","N","110-125.25","N"
"20184551","2022-01-20T20:39:00.000",,"MED","N","O","M","39","DE","N","N","110-135.20","Y"
"20079968","2020-09-23T12:53:08.000",,"MIN","Y","B","M","35","DE","N","N","110-125.25","N"
"20091092","2021-11-06T20:42:00.000",,"MAX","N","B","M","26","DE","N","Y","125.25","Y"
"20210062","2022-06-28T19:12:01.000",,,"N","B","M","21","DE","N","N","120.00","N"
"20207973","2020-09-25T20:20:21.000",,"MED","N","O","M","24","DE","N","N","125.25","N"
"20066054","2021-01-07T12:22:00.000",,"MAX","Y","B","M","30","DEP","N","N","140.20","N"
"66480","2021-09-08T16:28:02.000",,"MED","Y","B","M","57","DE","N","N","130.65","N"
"20218721","2022-05-18T12:58:17.000",,"MED","Y","O","M","25","DE","N","N","125.25","N"
"20216489","2021-11-21T17:03:39.000",,"MED","N","B","M","19","DE","N","Y","125.25","Y"
"20006477","2022-04-18T13:39:40.000",,"MIN","Y","B","F","60","DE","N","N","160.10","N"
"20086921","2022-05-28T16:58:15.000",,"MAX","N","B","M","26","DEP","N","Y","110-125.25","Y"
"157771","2021-02-06T02:19:48.000",,"MAX","Y","B","M","31","DE","N","Y","265.03","Y"
"20212868","2022-06-19T19:33:00.000",,"MED","N","B","M","36","DE","N","N","215.51","N"
"10006151","2020-11-07T14:43:00.000",,"MED","Y","B","M","35","DE","N","N","125.25","N"
"20107354","2022-05-25T13:38:21.000",,"MED","Y","W","M","23","DE","N","N","120.05","N"
"20094747","2022-05-29T16:36:21.000",,"MAX","N","B","M","34","DE","N","Y","130.52","N"
"20217817","2022-03-13T15:37:13.000",,"MIN","Y","O","M","45","DE","N","N","110-125.25","N"
"71633","2022-05-26T11:16:20.000",,"MIN","N","B","M","40","SSR","N","N","110-265.03","N"
"20215227","2021-08-06T22:20:24.000",,"MED","N","W","M","44","DE","N","N","125.25","N"
"20214548","2022-03-12T01:31:03.000",,"MED","N","A","M","45","DE","N","N","265.03","N"
"20217750","2022-05-15T19:53:00.000",,"MAX","N","B","M","18","DE","N","Y","110-125.25","N"
"20033736","2020-06-12T00:46:36.000",,"MAX","N","B","M","30","DE","N","Y","110-125.25","Y"
"20211566","2020-10-08T19:35:20.000",,"MED","N","B","M","25","DE","N","N","125.25","N"
"20080457","2022-02-08T02:57:02.000",,"MIN","N","B","M","47","DE","N","N","220.43","N"
"48392","2022-06-16T17:20:04.000",,,"N","O","M","39","CS","N","N","165.05","N"
"48887","2021-12-02T01:26:28.000",,"MIN","N",,,"52","DE","N","N","125.15","N"
"34826","2020-05-21T00:37:05.000",,"MED","Y","O","M","46","DE","N","N","130.50","Y"
"153488","2021-05-05T15:30:00.000",,"MED","N","B","M","31","DE","N","N","110-125.25","Y"
"20128936","2022-04-10T13:08:17.000",,"MAX","N","B","M","24","DE","N","Y","265.03","N"
"20073012","2020-11-22T12:00:00.000",,"MAX","Y","W","M","26","DE","N","Y","160.15","Y"
"140023","2022-05-11T00:40:00.000",,"MAX","Y","O","M","38","DE","N","N","140.25","N"
"20198816","2022-05-03T16:44:12.000",,"MIN","Y","O","M","65","DE","N","N","220.21","N"
"20214075","2021-05-16T12:17:50.000",,"MED","Y","B","M","19","SSR","N","Y",,"Y"
"20212884","2022-06-02T01:49:53.000",,"MAX","N","B","M","22","DE","N","Y","155.30","N"
"20164454","2022-01-30T02:12:50.000",,"MAX","Y","O","M","25","DE","N","N","120.05","Y"
"20217742","2022-03-08T20:23:07.000",,"MIN","N","A","M","36","DE","N","N","120.05","N"
"20216557","2021-11-29T00:05:21.000",,"MIN","N","A","M","40","DE","N","N","265.03","N"
"12628","2022-06-21T12:48:04.000",,,"Y","B","M","49","DE","N","N","120.10","N"
"41110","2020-10-20T16:08:45.000",,"MIN","Y","B","M","37","DE","N","N","230.34","N"
"20086034","2020-12-18T03:30:04.000",,"MAX","N","B","M","27","DE","N","Y","125.25","Y"
"150758","2020-12-04T00:08:12.000",,"MED","Y","B","M","43","DE","N","N","130.65","N"
"32525","2021-10-26T19:18:18.000",,"MED","N","B","M","36","DE","N","N","130.75","N"
"104174","2020-09-24T16:28:13.000",,"MAX","Y","O","M","46","DE","N","N","125.25","Y"
"77148","2021-05-14T16:40:00.000",,"MED","N","B","M","34","DE","N","Y","130.50","Y"
"20119508","2021-08-11T17:17:27.000",,"MAX","Y","O","M","29","DE","N","Y","120.10","Y"
"20213777","2022-06-01T21:06:27.000",,"MED","Y","O","M","39","DE","N","N","160.15","N"
"20218502","2022-05-04T20:31:58.000",,"MED","Y","W","M","46","DE","N","N","FOA 900.00","N"
"20047184","2021-02-04T20:36:19.000",,"MAX","Y","B","M","28","DE","N","Y","125.15","Y"
"140118","2022-05-07T19:25:57.000",,"MIN","Y","B","F","59","DE","N","N","160.15","Y"
"20162946","2022-06-10T00:31:42.000",,"MAX","N","B","M","23","DE","N","Y","110-125.25","N"
"20197188","2022-06-16T05:08:25.000",,"MAX","N","O","M","34","DE","N","N","220.43","N"
"20211191","2020-09-11T15:41:51.000",,"MAX","N","B","M","24","DE","N","N","135.25","Y"
"160826","2021-12-31T00:53:26.000",,"MIN","Y","B","M","58","DE","N","N","120.10","N"
"17848","2022-05-05T23:20:00.000",,"MAX","Y","B","M","37","DE","N","N","220.43","N"
"20054963","2022-04-21T01:22:39.000",,"MIN","N","W","M","40","DE","N","N","140.25","N"
"20213584","2021-05-21T13:37:04.000",,"MED","Y","B","M","19","DE","N","Y","110-125.25","Y"
"20102120","2022-03-07T12:45:25.000",,"MAX","N","B","M","27","CS","N","Y","110-125.25","Y"
"20015998","2022-05-18T16:07:00.000",,"MIN","N","B","M","45","DE","N","N","140.25","N"
"20214535","2022-06-11T01:11:55.000",,"MED","N","O","M","19","DE","N","N","160.15","N"
"20218940","2022-05-31T16:31:13.000",,"MIN","N","B","M","53","DE","N","N","160.15","N"
"22595","2021-01-28T15:48:47.000",,"MIN","N","O","M","39","DE","N","Y","220.43","Y"
"20218934","2022-06-18T12:46:27.000",,"MED","N","O","M","22","DE","N","N","215.51","N"
"20214896","2021-07-15T15:13:08.000",,"MED","N","B","M","23","DE","N","N","110-125.25","Y"
"20121579","2022-05-25T23:37:34.000",,"MED","Y","B","M","25","DE","N","N","120.05","N"
"20211900","2021-12-01T14:25:26.000",,"MAX","Y","B","M","33","DE","N","N","160.10","Y"
"20184115","2022-03-22T15:29:53.000",,"MIN","Y","W","M","31","DE","N","N","265.03","N"
"20079473","2022-06-08T17:42:38.000",,"MED","N","W","M","40","DE","N","N","130.40","N"
"20219300","2022-06-22T11:50:49.000",,,"Y","O","M","37","SSR","N","N","110-120.10","N"
"20146133","2022-04-14T14:23:00.000",,"MAX","Y","B","M","25","DE","N","Y","160.15","Y"
"20036149","2022-05-06T12:35:04.000",,"MAX","N","O","M","29","DE","N","N","160.15","N"
"38104","2022-06-08T21:56:43.000",,"MAX","Y","O","M","33","DE","N","N","110-215.40","N"
"20076295","2022-04-26T15:30:55.000",,"MED","Y","B","M","27","DE","N","Y","265.01","N"
"20211022","2022-03-28T01:03:00.000",,"MED","Y","B","M","35","DE","N","N","160.15","N"
"20188307","2021-10-13T11:33:33.000",,"MED","N","B","M","41","SSR","N","N",,"N"
"20028148","2022-06-28T19:53:22.000",,,"N","O","M","48","DE","N","N","160.15","N"
"20215985","2021-10-08T16:42:39.000",,"MED","Y","W","F","43","DE","N","N","130.96","N"
"20195709","2021-12-09T17:16:59.000",,"MED","N","W","M","35","DEP","N","N","110-120.10","N"
"38677","2022-06-06T11:13:34.000",,"MAX","Y","O","M","41","DEP","N","N","160.15","N"
"20172233","2021-07-02T12:28:56.000",,"MAX","Y","O","M","23","DE","N","Y","110-125.25","Y"
"20217420","2022-02-12T16:09:00.000",,"MED","N","B","M","25","DE","N","N","125.25","N"
"20218008","2022-03-31T00:01:04.000",,"MIN","N","B","M","56","DE","N","N","220.21","N"
"97731","2022-01-25T14:06:17.000",,"MIN","Y","O","M","49","DE","N","N","CO","N"
"20017027","2021-06-09T17:43:41.000",,"MIN","N","W","M","30","DE","N","N","220.21","Y"
"159787","2022-03-24T13:09:02.000",,"MAX","Y","B","M","31","DE","N","Y","135.25","N"
"20149422","2021-07-31T01:25:00.000",,"MAX","Y","B","F","37","DE","N","N","120.10","Y"
"20216930","2022-02-27T19:38:16.000",,"MED","Y","B","M","37","CS","N","N","160.05","N"
"20075704","2022-06-09T11:16:00.000",,"MAX","N","W","M","31","DE","N","N","140.25","N"
"20212156","2020-11-24T20:40:44.000",,"MIN","N","B","M","43","DE","N","N","265.12","N"
"20168190","2019-04-09T19:40:35.000",,"MAX","N","W","M","34","SSR","N","N",,"Y"
"143816","2021-09-29T19:16:05.000",,"MED","N","O","M","43","DEP","N","N","130.35","N"
"20199637","2018-11-02T15:19:03.000",,"MED","Y","W","F","28","DE","N","N","125.25","Y"
"20213606","2022-03-07T10:50:18.000",,"MIN","N","W","M","50","DE","N","N","220.43","N"
"20213939","2021-05-05T11:39:57.000",,"MED","Y","B","M","43","DE","N","N","110-125.25","Y"
"20140812","2022-04-23T12:07:29.000",,"MAX","N","B","M","23","DE","N","N","110-125.25","N"
"20134377","2022-03-06T01:19:23.000",,"MAX","N","A","M","26","DE","N","Y","170.10","N"
"166590","2020-11-17T22:43:00.000",,"MED","N","B","M","51","DE","N","N","130.50","Y"
"20200751","2022-05-23T11:49:55.000",,"MED","N","B","M","30","CS","N","N","110-265.03","N"
"8183","2022-01-28T01:12:33.000",,"MED","Y","B","M","46","CS","N","N","155.25","N"
"19756","2022-03-29T00:00:12.000",,"MED","Y","O","M","34","DE","N","N","160.15","N"
"20217947","2022-03-24T18:51:24.000",,"MIN","Y","B","M","36","DE","N","N","160.10","N"
"20219099","2022-06-10T17:47:04.000",,"MED","N","O","M","40","DE","N","N","220.21","N"
"20156114","2022-06-01T21:23:29.000",,"MAX","Y","W","F","31","DE","N","N","160.10","N"
"20165411","2021-11-15T16:41:17.000",,"MAX","Y","O","M","23","DEP","N","Y","125.25","Y"
"20197526","2022-05-12T00:24:12.000",,"MED","N","O","M","28","DE","N","N","110-125.25","N"
"20159561","2021-11-30T01:02:01.000",,"MAX","Y","B","F","36","DE","N","N","220.16","Y"
"20127328","2022-05-30T10:11:53.000",,"MAX","Y","B","F","29","DE","N","N","110-160.05","N"
"20151602","2021-05-05T14:20:00.000",,"MED","N","B","M","25","DE","N","N","125.25","N"
"132664","2021-09-07T12:13:42.000",,"MAX","Y","B","M","32","DE","N","Y","140.25","Y"
"20205797","2022-05-05T14:50:52.000",,"MED","N","O","M","27","CS","N","N","220.39","N"
"20092939","2022-02-25T20:18:30.000",,"MED","N","B","M","46","DE","N","N","140.25","N"
"20209345","2020-02-15T01:11:47.000",,"MIN","Y","O","M","59","DE","N","N","110-125.25","Y"
"20218314","2022-06-27T01:23:28.000",,,"Y","B","M","30","DE","N","N","120.14","N"
"20218979","2022-06-03T11:43:51.000",,"MIN","Y","B","M","41","CS","N","N","155.25","N"
"20216396","2021-11-15T13:51:14.000",,"MAX","N","O","M","24","CS","N","N","110-265.03","Y"
"20218194","2022-05-18T00:09:40.000",,"MIN","N","B","M","27","DEP","N","N","VOP","N"
"20213697","2021-04-10T15:03:02.000",,"MED","N","O","M","41","DE","N","N","125.25","N"
"20182545","2022-05-25T19:09:35.000",,"MED","Y","O","M","33","DE","N","N","140.25","N"
"20208905","2022-02-09T13:48:26.000",,"MED","Y","O","M","36","DE","N","N","120.10","Y"
"20212711","2021-12-06T01:49:04.000",,"MED","N","B","M","19","DE","N","Y","220.16","Y"
"20027609","2022-04-08T01:55:30.000",,"MAX","N","O","M","31","DE","N","N","220.21","N"
"20107187","2019-07-30T12:10:25.000",,"MAX","N","O","M","29","DE","N","Y","125.25","Y"
"133023","2018-08-24T16:36:12.000",,"MAX","Y","B","M","44","DE","N","N","125.25","Y"
"20216077","2021-10-16T02:01:16.000",,"MAX","Y","B","M","24","DE","N","N","125.25","Y"
"20218748","2022-05-19T12:36:09.000",,"MED","Y","O","F","32","DE","N","N","125.25","N"
"55357","2022-06-16T12:16:03.000",,"MIN","N","B","M","65","DE","N","N","140.20","N"
"20219251","2022-06-18T23:40:00.000",,"MIN","Y","B","M","20","DE","N","N","130.52","N"
"20193737","2022-05-10T19:04:14.000",,"MED","Y","B","M","40","DE","N","Y","CO","N"
"20216479","2021-11-20T15:35:00.000",,"MED","Y","B","M","46","DE","N","N","125.20","N"
"20132702","2019-09-24T15:32:06.000",,"MAX","Y","O","M","24","DE","N","Y","110-125.25","Y"
"20170014","2020-08-09T01:43:53.000",,"MAX","Y","W","M","23","DE","N","N","125.25","Y"
"21493","2016-10-24T22:11:36.000",,"MAX","Y","O","M","42","DE","N","Y","125.27","Y"
"20177806","2021-06-23T20:42:23.000",,"MAX","Y","B","M","23","DE","N","Y","110-125.25","N"
"42069","2017-08-10T01:08:28.000",,"MAX","Y","O","M","35","DE","N","Y","125.25","Y"
"72177","2022-03-24T15:55:50.000",,"MED","Y","B","M","54","DE","N","N","155.30","N"
"20213936","2021-08-04T16:07:11.000",,"MIN","Y","B","M","25","DE","N","N","110-135.20","N"
"20116020","2019-10-20T14:34:01.000",,"MIN","Y","B","M","41","DE","N","N","145.10","N"
"25184","2022-06-08T15:16:14.000",,"MED","N","O","M","51","DE","N","N","125.25","N"
"20177329","2021-10-14T11:28:18.000",,"MED","Y","B","M","64","DEP","N","N","160.15","Y"
"75747","2020-01-25T12:51:00.000",,"MED","Y","B","F","51","DE","N","N","125.25","N"
"20180697","2020-03-05T13:11:12.000",,"MAX","Y","O","M","21","DE","N","Y","110-160.10","Y"
"60772","2021-08-05T15:28:59.000",,"MIN","N","B","M","58","DE","N","N","110-120.10","N"
"20084002","2021-07-04T17:17:00.000",,"MAX","Y","B","M","27","DE","N","Y","265.03","Y"
"20212802","2021-01-29T13:11:47.000",,"MIN","N","O","M","28","DE","N","N","121.12","N"
"20022574","2021-07-15T20:53:31.000",,"MAX","Y","B","M","56","DE","N","N","120.10","N"
"12598","2022-02-20T01:00:00.000",,"MIN","Y","B","M","43","DE","N","N","110-120.10","N"
"20064832","2022-04-21T21:37:33.000",,"MAX","N","B","M","27","DEP","N","Y","160.05","Y"
"20211929","2022-02-08T12:09:15.000",,"MAX","Y","B","M","21","DE","N","Y","130.35","Y"
"170173","2022-03-29T11:39:00.000",,"MED","N","O","M","49","DE","N","N","265.03","Y"
"20180897","2022-06-06T11:34:40.000",,"MAX","Y","B","M","25","DE","N","N","160.15","N"
"35067","2021-09-28T14:12:08.000",,"MAX","Y","B","F","42","DE","N","N","120.05","Y"
"20194122","2022-06-28T16:24:28.000",,"MED","N","B","M","44","DE","N","N","CO","N"
"134159","2022-03-28T11:43:00.000",,"MED","N","O","M","38","CS","N","Y","VTL 600F","N"
"20217862","2022-05-12T01:38:01.000",,"MED","Y","B","F","36","DE","N","N","155.30","N"
"10003115","2022-05-04T13:05:33.000",,"MED","Y","B","M","41","DE","N","N","110-125.25","N"
"65305","2022-06-28T23:55:02.000",,,"N","W","M","44","DE","N","N","160.10","N"
"20189402","2022-03-14T12:55:44.000",,"MAX","N","B","M","20","CS","N","Y","125.25","Y"
"20170425","2021-03-24T20:59:23.000",,"MAX","Y","O","M","22","DE","N","Y","125.25","Y"
"20184499","2022-01-22T00:25:00.000",,"MAX","Y","W","M","22","DE","N","N","160.10","Y"
"20212468","2021-12-16T11:45:54.000",,"MIN","N","B","M","25","DE","N","N","265.03","Y"
"20217277","2022-02-03T12:07:37.000",,"MED","N","B","M","19","DE","N","N","110-125.27","N"
"20218389","2022-04-26T16:35:09.000",,"MED","N","O","M","21","DE","N","N","130.65","N"
"33490","2021-05-07T03:34:47.000",,"MAX","Y","W","M","38","DE","N","N","160.15","N"
"20216763","2021-12-16T01:03:33.000",,"MED","Y","B","M","20","DE","N","N","160.15","Y"
"20217910","2022-03-21T20:29:28.000",,"MED","N","W","M","24","CS","N","N","130.65","N"
"20193432","2022-06-23T00:47:31.000",,"MED","N","W","M","32","DE","N","N","130.65","N"
"20211747","2020-10-23T02:45:49.000",,"MAX","Y","B","M","24","DE","N","Y","CO","Y"
"20208192","2020-10-11T13:00:46.000",,"MAX","Y","B","M","23","DE","N","Y","125.25","Y"
"20144689","2021-06-28T18:20:38.000",,"MAX","Y","A","M","23","DE","N","Y","160.15","Y"
"106199","2021-01-16T13:12:45.000",,"MED","Y","B","M","32","DE","N","Y","125.25","Y"
"82623","2022-02-25T10:52:09.000",,"MAX","N","B","M","41","DE","N","N","160.05","Y"
"20198156","2022-03-17T14:48:04.000",,"MED","Y","B","M","41","DEP","N","N","160.10","N"
"20215091","2021-07-28T21:16:47.000",,"MAX","N","B","M","23","DE","N","N","110-125.25","N"
"10009703","2022-04-10T08:32:45.000",,"MAX","N","B","M","32","DE","N","Y","110-125.25","N"
"78209","2022-06-14T16:41:44.000",,"MED","N","B","M","34","DE","N","N","155.35","N"
"20207991","2020-02-27T01:26:08.000",,"MED","Y","W","M","44","DE","N","N","110-120.10","Y"
"20206222","2022-06-01T12:44:18.000",,"MIN","Y","B","M","28","DE","N","N","140.25","N"
"20214219","2022-06-15T13:15:30.000",,,"N","O","M","54","CS","N","N","220.16","N"
"20185047","2021-05-04T17:12:57.000",,"MAX","Y","O","M","21","DE","N","Y","125.25","Y"
"70304","2018-09-01T11:26:00.000",,"MED","N","B","M","44","DE","N","N","125.25","Y"
"139436","2021-11-23T23:35:00.000",,"MED","N","O","M","38","DE","N","N","130.75","Y"
"104525","2022-02-04T10:34:00.000",,"MIN","Y","W","M","54","DE","N","N","215.51","N"
"20219396","2022-06-28T23:43:39.000",,,"N","B","M","23","DE","N","N",,"N"
"20212253","2021-10-31T13:16:00.000",,"MAX","Y","O","F","34","DE","N","N","160.15","N"
"20214791","2021-07-07T19:17:09.000",,"MAX","N","B","M","19","DE","N","Y","125.25","Y"
"164857","2022-01-30T19:51:45.000",,"MIN","N","O","M","34","DE","N","N","265.03","N"
"20218350","2022-04-23T19:30:50.000",,"MED","Y","W","M","25","DE","N","N","140.30","N"
"20166381","2022-06-07T17:12:58.000",,"MAX","Y","O","F","53","DE","N","N","150.15","N"
"20218548","2022-05-07T01:15:30.000",,"MED","N","B","M","18","DE","N","N","110-120.07","N"
"20217260","2022-02-02T00:40:19.000",,"MED","N","B","M","26","DE","N","N","120.10","N"
"126176","2021-06-25T11:15:06.000",,"MED","N","B","M","41","DE","N","Y","120.10","Y"
"156503","2022-06-18T01:47:46.000",,"MED","N","W","M","47","DE","N","N","215.52","N"
"20216546","2022-06-12T01:41:41.000",,"MED","Y","O","M","21","DE","N","N","120.05","N"
"20194815","2018-05-12T14:56:00.000",,"MAX","Y","B","M","22","DE","N","Y","125.25","Y"
"42072","2022-03-18T19:06:35.000",,"MAX","N","B","M","33","DE","N","N","265.03","N"
"20195913","2021-04-15T01:18:06.000",,"MED","Y","B","M","35","DE","N","N","220.21","Y"
"20214563","2021-06-20T20:25:00.000",,"MED","N","B","M","49","DE","N","N","125.20","N"
"57233","2019-10-08T23:37:58.000",,"MAX","N","B","M","40","DE","N","Y","160.15","Y"
"20139556","2021-11-11T02:17:59.000",,"MED","Y","U","M","26","DE","N","N","125.25","N"
"36390","2020-05-11T15:08:50.000",,"MED","Y","O","M","41","DE","N","N","160.15","Y"
"20201134","2022-06-23T23:46:16.000",,"MIN","N","W","M","55","DE","N","N","215.51","N"
"20155558","2022-06-24T13:15:00.000",,,"N","B","M","26","SSR","N","N","110-265.03","N"
"20219324","2022-06-23T11:47:48.000",,"MIN","N","B","F","30","DE","N","N","FOA 900.00","N"
"63935","2022-05-10T19:17:58.000",,"MED","N","B","M","33","CS","N","N","155.25","N"
"20079822","2022-06-16T17:12:16.000",,"MAX","N","O","M","28","DE","N","Y",,"N"
"10014573","2021-12-05T00:58:08.000",,"MED","N","B","M","42","DE","N","N","125.25","N"
"20218192","2022-05-17T15:47:25.000",,"MED","Y","B","M","20","DE","N","N","120.05","N"
"20216333","2022-03-23T15:45:27.000",,"MED","N","O","M","25","CS","N","N","130.65","N"
"3831","2021-03-08T00:43:07.000",,"MED","Y","B","M","34","DE","N","N","120.05","N"
"20093968","2021-12-08T19:39:54.000",,"MED","N","B","M","25","DE","N","N","125.25","N"
"20105264","2022-04-04T18:06:27.000",,"MAX","Y","O","F","28","DE","N","N","160.15","Y"
"1906","2021-09-04T18:45:00.000",,"MED","N","B","M","59","DPV","N","N",,"N"
"20217795","2022-03-12T00:13:02.000",,"MED","Y","W","M","32","DE","N","N","140.25","N"
"20214852","2021-10-21T17:52:59.000",,"MED","Y","B","M","25","DE","N","N","125.25","N"
"20155608","2021-08-22T20:46:33.000",,"MIN","N","B","M","36","DE","N","N","265.03","N"
"139414","2022-05-22T10:06:05.000",,"MED","N","O","M","35","DE","N","N","155.30","N"
"25306","2022-04-28T02:21:36.000",,"MED","Y","O","M","52","DE","N","N","130.75","N"
"78310","2021-12-09T16:07:32.000",,"MED","N","O","M","35","DE","N","N","150.15","N"
"20071750","2022-06-17T15:05:00.000",,,"N","B","M","41","SSR","N","N","110-265.02","N"
"19439","2021-06-16T00:48:07.000",,"MED","N","O","M","43","DE","N","N","110-125.25","N"
"20209450","2020-02-25T00:57:21.000",,"MED","Y","W","M","33","DE","N","N","130.75","Y"
"20132871","2014-05-14T15:59:00.000",,"MED","N","B","M","72","DE","N","N","125.25","Y"
"19025","2022-05-11T00:18:29.000",,"MAX","N","B","M","41","DE","N","N","160.15","N"
"20210560","2022-04-29T13:58:57.000",,"MIN","N","B","M","45","CS","N","N","110-265.03","N"
"150318","2022-06-19T01:41:27.000",,"MED","N","W","M","45","DE","N","N","165.50","N"
"20218669","2022-05-14T23:54:00.000",,"MED","N","W","M","29","DE","N","N","215.50","N"
"20214141","2021-11-05T00:19:00.000",,"MED","N","B","M","20","DE","N","Y","110-125.25","N"
"20218754","2022-05-19T15:59:42.000",,"MIN","N","O","M","21","DE","N","N","265.12","N"
"15838","2022-04-08T18:30:30.000",,"MED","Y","W","M","49","DE","N","N","140.20","N"
"20213717","2021-11-20T18:33:21.000",,"MAX","Y","B","M","19","DE","N","Y","110-125.25","Y"
"20197450","2021-08-12T13:09:58.000",,"MAX","Y","B","M","36","DE","N","N","160.10","Y"
"20105860","2022-01-22T12:00:54.000",,"MAX","N","B","M","26","DE","N","Y","265.03","Y"
"20173201","2022-01-29T23:25:00.000",,"MED","Y","B","M","31","DE","N","N","130.50","N"
"20174832","2022-03-15T21:32:09.000",,"MED","Y",,,"27","DE","N","N","110-120.10","N"
"20202996","2022-06-24T12:30:03.000",,,"N","B","M","25","DE","N","Y","265.03","N"
"89490","2022-06-16T20:02:34.000",,"MED","N","B","M","39","DE","N","N","220.16","N"
"30691","2022-04-07T16:43:18.000",,"MIN","Y","B","M","43","DE","N","N","120.05","N"
"20207687","2020-01-25T00:21:33.000",,"MAX","Y","W","M","30","DE","N","Y","125.25","Y"
"20219342","2022-06-24T11:34:16.000",,,"N","O","M","35","DE","N","N","120.05","N"
"20204997","2019-06-13T14:50:39.000",,"MED","Y","B","M","20","SSR","N","N",,"Y"
"20206686","2022-04-19T18:18:48.000",,"MAX","Y","B","M","33","DE","N","N","CO","N"
"20216836","2021-12-23T00:14:52.000",,"MED","N","O","M","23","DE","N","N","265.13","N"
"20217911","2022-03-21T20:55:21.000",,"MIN","Y","O","M","62","DE","N","N","265.03","N"
"98529","2022-04-29T11:57:50.000",,"MED","N","B","M","29","DE","N","Y","1192(2)","N"
"80862","2021-03-13T13:43:02.000",,"MAX","N","B","M","45","DE","N","N","125.20","Y"
"136271","2022-05-18T00:48:13.000",,"MIN","Y","B","M","61","DE","N","N","110-140.20","N"
"48927","2022-04-08T20:41:01.000",,"MAX","N","W","M","38","DEP","N","Y","VOP","N"
"20215032","2021-07-25T02:03:33.000",,"MED","Y","B","M","32","DE","N","N","140.25","Y"
"20136119","2021-11-23T17:37:46.000",,"MAX","Y","B","M","33","DE","N","N","110-125.25","Y"
"20074175","2022-03-08T21:23:30.000",,"MED","N","O","M","28","DE","N","N","120.05","N"
"20216971","2022-01-08T00:50:31.000",,"MIN","Y","B","M","19","DNS","N","N","265.03","Y"
"20213482","2022-06-24T17:25:39.000",,,"N","B","M","22","DE","N","N","265.03","N"
"20148005","2020-10-14T19:51:56.000",,"MED","Y","B","M","31","DE","N","N","160.05","Y"
"20165996","2022-01-19T11:25:46.000",,"MAX","Y","B","M","27","CS","N","Y","265.03","N"
"20197489","2021-09-04T01:16:00.000",,"MAX","N","B","M","21","DE","N","Y","265.03","Y"
"34930","2021-04-24T12:21:57.000",,"MAX","Y","B","M","33","DE","N","Y","120.05","Y"
"91750","2021-06-22T12:31:49.000",,"MAX","N","B","M","44","DE","N","N","110-125.27","N"
"20219346","2022-06-24T13:10:48.000",,,"N","B","M","18","DE","N","N","220.39","N"
"20041835","2020-08-31T00:36:13.000",,"MAX","N","O","M","33","DE","N","N","110-130.35","Y"
"20218270","2022-04-18T11:51:00.000",,"MIN","Y","B","M","32","DE","N","N","120.00","N"
"20215238","2022-06-27T16:42:58.000",,,"N","B","M","22","CS","N","N",,"N"
"20043628","2022-06-07T17:00:41.000",,"MED","N","B","M","29","DNS","N","Y",,"N"
"20152017","2022-04-22T14:37:40.000",,"MAX","N","B","M","30","DE","N","N","125.25","N"
"115295","2021-02-18T20:31:21.000",,"MAX","N","B","M","32","DE","N","N","110-125.25","Y"
"20207828","2022-05-26T11:25:37.000",,"MIN","N","O","M","32","DE","N","N","140.20","N"
"20214761","2022-03-20T17:57:47.000",,"MIN","Y","O","M","54","DE","N","N","140.25","N"
"10007950","2022-06-28T17:04:36.000",,,"N","B","M","30","DE","N","Y","265.03","N"
"163742","2022-03-23T01:29:13.000",,"MIN","Y","O","M","50","DE","N","N","110-125.25","N"
"152562","2019-04-05T16:56:33.000",,"MIN","Y","B","M","47","DE","N","N","105.10","N"
"13005","2022-06-20T11:03:36.000",,"MED","N","B","M","61","DE","N","N","155.30","N"
"20086889","2020-03-02T00:47:34.000",,"MAX","Y","B","M","29","DE","N","Y","160.15","Y"
"20146286","2020-05-05T13:13:06.000",,"MAX","Y","B","F","27","DE","N","N","160.10","Y"
"20214453","2022-05-04T11:40:11.000",,"MIN","N","B","M","33","DE","N","N","220.39","N"
"20211034","2020-09-03T16:38:31.000",,"MIN","Y","B","M","36","DE","N","N","125.14","N"
"47160","2022-01-18T00:21:18.000",,"MIN","N","B","M","35","DE","N","N","265.03","N"
"20211316","2022-01-20T18:04:00.000",,"MAX","Y","O","M","21","DE","N","Y","125.25","Y"
"20057970","2022-04-08T01:02:17.000",,"MAX","N","O","M","28","DE","N","N","125.25","N"
"16908","2022-05-21T18:53:42.000",,"MIN","Y","W","F","38","DE","N","N","155.25","N"
"20094810","2021-09-03T17:03:00.000",,"MAX","Y","B","M","28","DE","N","Y","125.20","Y"
"10096","2020-12-24T13:14:33.000",,"MAX","Y","B","M","38","DE","N","Y","220.39","Y"
"20209729","2022-04-05T16:29:50.000",,"MED","N","O","M","20","DE","N","Y","125.25","N"
"20214920","2022-06-21T12:32:40.000",,,"Y","O","M","26","DE","N","N","110-160.05","N"
"20173691","2022-06-10T12:45:03.000",,"MAX","N","B","M","56","DE","N","N","110-160.10","N"
"20218956","2022-06-02T01:20:02.000",,"MIN","Y","W","F","26","DE","N","N","110-125.25","Y"
"20214887","2021-07-14T16:21:12.000",,"MIN","Y","B","M","31","DE","N","N","110-125.25","N"
"20213223","2022-05-27T15:01:31.000",,"MED","N","B","M","22","DE","N","N","110-120.10","N"
"20188142","2022-03-07T00:02:24.000",,"MAX","Y","B","M","26","DE","N","N","160.15","N"
"90850","2022-02-01T13:06:01.000",,"MED","Y","B","M","40","DE","N","N","125.25","N"
"20218268","2022-04-18T01:10:33.000",,"MIN","N","W","M","56","DE","N","N","120.10","N"
"20042786","2022-06-16T13:02:26.000",,"MAX","N","B","M","37","DE","N","Y","160.15","N"
"20118386","2022-04-27T22:18:54.000",,"MED","Y","B","F","33","DE","N","N","220.39","N"
"20211658","2022-06-14T15:48:40.000",,"MED","N","O","M","22","DE","N","N","140.30","N"
"20217047","2022-01-15T00:12:41.000",,"MAX","N","W","M","20","DE","N","N","110-125.25","Y"
"20219234","2022-06-18T00:57:52.000",,"MIN","N","O","F","23","DE","N","N","220.21","N"
"20001627","2017-01-30T18:52:59.000",,"MAX","Y","A","M","33","DE","N","Y","125.25","Y"
"20218613","2022-05-11T16:55:14.000",,"MED","N","O","M","38","DE","N","N","130.50","N"
"37028","2022-03-15T11:49:12.000",,"MIN","N","B","M","46","CS","N","N","110-265.03","N"
"20219153","2022-06-14T19:22:00.000",,"MED","Y","O","M","33","DE","N","N","125.25","N"
"20083138","2021-09-18T14:15:58.000",,"MED","N","O","M","27","DE","N","N","120.05","N"
"36275","2022-04-01T00:34:06.000",,"MIN","Y","B","M","57","DE","N","N","155.35","N"
"20219262","2022-06-19T20:34:00.000",,"MED","Y","B","M","24","DE","N","N","120.10","N"
"20216752","2021-12-15T14:24:55.000",,"MED","N","O","M","19","DE","N","N","110-125.25","N"
"20038603","2022-06-08T00:34:43.000",,"MAX","N","B","M","32","DE","N","Y","160.15","N"
"20176736","2022-05-28T00:48:10.000",,"MED","Y","B","M","34","DE","N","N","215.50","N"
"20128287","2022-06-22T17:12:59.000",,,"N","B","M","63","DEP","N","N","VOP","N"
"20217538","2022-02-22T11:51:06.000",,"MIN","Y","B","M","59","DE","N","N","140.25","N"
"20218949","2022-06-01T16:25:26.000",,"MIN","Y","B","M","26","DE","N","N","110-125.25","N"
"20213179","2021-02-26T01:32:10.000",,"MIN","Y","O","M","57","DE","N","N","220.21","N"
"62858","2020-02-18T01:24:26.000",,"MAX","Y","B","M","30","DE","N","N","125.25","Y"
"20217735","2022-03-08T11:34:51.000",,"MIN","Y","O","M","23","CS","N","N","125.10","N"
"20218955","2022-06-01T19:15:03.000",,"MED","Y","O","M","35","DE","N","N","130.50","N"
"20217140","2022-01-22T00:02:11.000",,"MED","N","B","M","65","DE","N","N","120.10","N"
"20212494","2022-03-23T15:45:26.000",,"MIN","Y","O","M","29","DE","N","N","110-120.10","N"
"20199774","2022-06-06T16:42:10.000",,"MED","N","W","M","36","CS","N","N",,"N"
"142373","2021-04-14T15:13:20.000",,"MED","Y","B","M","37","DE","N","Y","120.07","Y"
"20053142","2022-05-14T01:04:01.000",,"MIN","Y","B","F","30","DE","N","N","110-125.25","Y"
"20218578","2022-05-27T01:05:00.000",,"MIN","Y","O","M","28","DE","N","N","140.20","Y"
"19290","2022-06-02T19:59:46.000",,"MIN","N","W","M","40","DE","N","N","140.20","N"
"20158744","2021-02-06T21:14:10.000",,"MAX","Y","B","M","27","DE","N","N","105.15","Y"
"20185538","2022-06-01T19:28:31.000",,"MIN","Y","W","F","39","DE","N","N","155.25","N"
"137800","2022-01-02T15:17:39.000",,"MED","N","B","M","36","DE","N","Y","125.25","Y"
"168100","2020-01-24T12:11:43.000",,"MED","N","O","M","32","DE","N","N","130.25","Y"
"41407","2022-06-02T23:27:00.000",,"MED","Y","B","M","42","DE","N","N","130.50","N"
"126050","2022-06-14T16:58:06.000",,,"Y","O","M","43","DE","N","N","CO","N"
"20063872","2022-02-07T23:49:49.000",,"MED","Y","B","M","32","CS","N","N","130.35","N"
"20068410","2021-11-28T23:42:50.000",,"MIN","Y","O","M","57","DE","N","N","160.05","N"
"10000230","2022-05-25T10:38:45.000",,"MED","N","B","M","42","DE","N","Y","110-125.25","N"
"20217769","2022-03-10T20:28:40.000",,"MIN","Y","B","F","31","DE","N","N","155.35","N"
"20216373","2021-11-13T11:17:28.000",,"MED","Y","B","M","19","DE","N","N","130.50","N"
"20219295","2022-06-22T10:10:00.000",,,"N","O","M","31","SSR","N","N","110-265.03","N"
"20107083","2022-06-22T14:21:18.000",,"MAX","N","O","F","35","DPV","N","N","220.39","N"
"41513","2021-04-28T00:55:31.000",,"MED","N","B","M","50","DE","N","N","125.25H","Y"
"20210050","2020-05-16T00:46:24.000",,"MIN","Y","A","M","57","DNS","N","N",,"N"
"20058546","2022-06-24T21:18:25.000",,,"N","B","M","28","DE","N","N","121.12","N"
"20035284","2020-03-03T16:53:49.000",,"MAX","Y","O","M","31","DE","N","Y","125.25","Y"
"20210439","2020-07-04T12:14:53.000",,"MAX","N","B","M","47","DE","N","Y","110-125.25","Y"
"20211289","2022-06-24T12:17:50.000",,,"N","B","M","36","SSR","N","N","110-265.03","N"
"20134846","2021-08-26T22:37:00.000",,"MAX","Y","W","F","31","DE","N","N","125.25","Y"
"20052829","2022-06-13T17:42:12.000",,"MED","N","B","M","37","DE","N","N","265.03","N"
"20089187","2021-11-12T01:01:06.000",,"MIN","Y","B","M","48","DE","N","N","220.21","N"
"20008532","2022-03-20T15:34:09.000",,"MED","N","B","M","30","CS","N","N","215.50","N"
"20216659","2022-03-15T17:27:17.000",,"MED","N","B","M","36","DE","N","N","130.45","N"
"20216548","2022-05-04T13:38:32.000",,"MED","Y","O","M","21","DE","N","N","150.15","N"
"62088","2022-06-28T16:38:11.000",,,"N","O","M","54","DE","N","N","220.16","N"
"109454","2022-03-03T16:56:20.000",,"MIN","N","B","M","48","DE","N","N","220.18","N"
"20165723","2020-07-28T00:58:48.000",,"MAX","Y","O","M","33","DE","N","Y","230.34","Y"
"20216861","2021-12-24T10:53:28.000",,"MAX","N","B","M","19","DE","N","Y","125.25","Y"
"20039306","2022-04-14T16:47:40.000",,"MAX","N","B","M","34","DE","N","Y","215.52","N"
"20219088","2022-06-23T00:50:00.000",,,"N","A","M","28","DE","N","N","140.25","N"
"20120924","2022-06-17T17:48:58.000",,"MIN","N","B","M","37","DEP","N","N","VOP","N"
"20216140","2021-10-22T23:27:03.000",,"MED","N","B","M","30","DE","N","N","140.20","Y"
"41621","2022-03-04T01:10:04.000",,"MED","Y","B","F","44","DE","N","N","120.05","N"
"20212416","2021-04-28T11:54:13.000",,"MED","N","B","M","42","DE","N","N","265.03","Y"
"20206948","2022-01-06T12:02:09.000",,"MIN","Y","O","M","29","CS","N","N","265.11","N"
"18473","2019-01-24T16:40:00.000",,"MAX","Y","B","M","60","DE","N","N","125.25","Y"
"20139816","2022-05-19T19:01:28.000",,"MAX","N","B","M","24","DE","N","N","265.03","N"
"20048730","2022-06-28T15:35:00.000",,,"N","O","M","28","DE","N","Y","265.03","N"
"20116408","2021-07-13T11:23:16.000",,"MED","N","B","M","50","DE","N","N","120.10","N"
"171041","2022-05-12T18:49:10.000",,,"N","B","M","61","DE","N","N","125.25","N"
"20197","2022-02-23T17:17:34.000",,"MED","Y","B","F","46","DE","N","N","160.10","N"
"20141789","2022-01-26T19:09:21.000",,"MAX","Y","B","M","32","DE","N","N","125.25","Y"
"149285","2021-10-15T14:24:58.000",,"MIN","N","O","M","52","DE","N","N","265.13","N"
"20215314","2022-03-18T01:04:23.000",,"MED","N","B","M","31","DE","N","N","130.50","N"
"20086841","2022-06-23T11:37:13.000",,"MIN","N","B","M","56","DE","N","N","120.05","N"
"20106766","2022-06-02T01:45:47.000",,"MED","Y","O","M","26","DE","N","Y","160.15","N"
"64382","2021-03-29T00:25:18.000",,"MAX","N","B","M","35","DE","N","N","110-125.25","Y"
"20218627","2022-05-12T02:28:53.000",,"MIN","N","O","M","37","DE","N","N","220.21","N"
"20161896","2022-06-12T20:56:22.000",,"MED","N","B","M","38","DE","N","N","160.05","N"
"19326","2021-07-05T02:46:55.000",,"MED","Y","O","M","40","DE","N","N","110-125.25","N"
"20212841","2022-05-15T15:00:00.000",,"MIN","Y","B","M","29","DE","N","N","160.10","N"
"20205460","2022-06-21T20:04:08.000",,"MIN","N","W","F","53","DE","N","N","155.25","N"
"78497","2022-05-31T17:02:23.000",,"MED","N","O","M","42","DE","N","N","140.25","N"
"20047506","2022-02-18T15:50:59.000",,"MAX","Y","B","F","28","DE","N","N","160.10","Y"
"20008052","2022-06-02T13:20:00.000",,"MAX","N","B","M","31","DE","N","Y","110-125.25","N"
"20116697","2021-07-28T21:20:03.000",,"MAX","Y","B","M","28","DE","N","Y","125.25","Y"
"10855","2020-03-25T14:44:04.000",,"MED","Y","B","M","42","DE","N","N","110-130.35","Y"
"20219193","2022-06-16T05:10:37.000",,"MIN","N","O","M","43","DE","N","N","220.43","N"
"167674","2022-02-02T19:38:00.000",,"MIN","N","B","F","32","DE","N","N","120.05","Y"
"20163685","2022-04-30T13:19:30.000",,"MAX","N","O","F","27","DE","N","N","220.16","N"
"20210640","2020-07-28T00:56:06.000",,"MAX","Y","W","M","29","DE","N","N","125.25","Y"
"20144232","2022-05-11T20:41:00.000",,"MED","N","W","F","32","DE","N","N","140.25","N"
"20047228","2022-04-14T17:51:01.000",,"MED","Y","B","M","57","DEP","N","N","130.95","N"
"20218229","2022-04-15T00:58:00.000",,"MED","Y","B","M","40","DE","N","N","110-130.35","N"
"20034657","2022-05-13T17:05:27.000",,"MIN","N","B","M","54","DE","N","N","220.16","N"
"20218961","2022-06-02T12:15:10.000",,"MIN","N","O","M","46","DE","N","N","110-125.25","N"
"20213527","2021-03-25T00:09:26.000",,"MIN","N","W","M","38","DE","N","N","220.21","N"
"20217477","2022-02-17T16:55:39.000",,"MED","Y","O","M","48","DE","N","N","125.25","N"
"10003128","2021-11-16T11:42:17.000",,"MED","N","O","M","32","DE","N","N","160.10","N"
"20146586","2021-12-01T10:42:59.000",,"MAX","N","B","M","24","DEP","N","Y","220.16","Y"
"20212629","2022-04-11T18:43:59.000",,"MIN","Y","W","M","32","DE","N","N","CO","N"
"37214","2022-05-17T15:39:39.000",,"MED","Y","B","M","37","CS","N","N","155.25","N"
"20163147","2022-06-24T10:50:00.000",,,"N","B","M","28","DE","N","N","130.35","N"
"20216056","2021-10-15T12:24:30.000",,"MED","N","B","M","45","DE","N","N","125.25","N"
"20113377","2021-12-12T16:30:35.000",,"MAX","N","B","M","26","DE","N","N","120.07","Y"
"20217099","2022-01-19T23:51:42.000",,"MAX","Y","B","F","36","DE","N","N","220.16","Y"
"20214876","2022-06-04T08:39:52.000",,"MIN","Y","B","M","32","CS","N","N","110-160.10","N"
"20111441","2022-05-14T11:36:42.000",,"MAX","Y","B","F","32","DE","N","N","120.05","N"
"20212126","2021-08-04T01:04:20.000",,"MIN","Y","B","M","64","DE","N","N","120.10","N"
"20057057","2022-02-09T11:35:48.000",,"MIN","N","O","M","49","DE","N","N","VOP","N"
"18807","2018-10-10T00:41:40.000",,"MAX","N","B","M","35","DE","N","Y","130.96","Y"
"70188","2022-06-28T23:15:31.000",,,"N","O","M","39","DE","N","N","220.16","N"
"20172078","2022-06-02T00:39:00.000",,"MED","N","B","M","30","CS","N","N","140.25","N"
"21258","2021-03-28T19:36:27.000",,"MIN","N","W","M","46","DE","N","N","160.15","N"
"20049489","2022-06-16T01:02:59.000",,"MIN","N","B","M","62","DEP","N","N","155.30","N"
"20072587","2022-06-17T12:25:00.000",,"MED","Y","B","F","29","DE","N","N","160.05","N"
"62154","2022-06-13T00:00:00.000",,"MIN","N","W","M","38","DE","N","N","140.25","N"
"20121938","2021-03-14T16:52:44.000",,"MAX","N","B","M","26","DE","N","Y","130.65","Y"
"20011859","2022-03-22T11:32:52.000",,"MAX","Y","B","F","26","DE","N","Y","160.15","Y"
"20201563","2019-12-23T07:42:52.000",,"MAX","Y","A","M","24","DE","N","Y","125.25","Y"
"34622","2022-06-11T14:17:58.000",,"MAX","Y","B","M","33","DEP","N","N","VOP","N"
"20180551","2022-06-16T04:25:20.000",,"MED","Y","W","M","34","DE","N","N","120.05","N"
"20218970","2022-06-02T19:58:53.000",,"MED","N","B","M","38","DE","N","N","FOA 900.00","N"
"20218398","2022-04-27T15:52:04.000",,"MED","Y","B","F","19","DE","N","N","160.10","Y"
"27108","2021-08-24T17:26:37.000",,"MIN","N","O","M","45","DE","N","N","140.30","N"
"159341","2022-06-16T17:18:49.000",,"MED","Y","O","M","34","DE","N","N","110-130.35","N"
"20218892","2022-05-27T17:17:08.000",,"MIN","N","B","M","18","DE","N","Y","265.03","N"
"20062526","2022-03-16T18:08:28.000",,"MED","Y","B","M","48","DE","N","N","CO","N"
"20010933","2022-04-08T00:34:28.000",,"MIN","Y","B","M","41","DE","N","N","140.20","N"
"20132887","2022-05-10T21:30:47.000",,"MED","N","O","M","27","DE","N","N","160.10","N"
"20214435","2022-06-02T19:53:06.000",,"MED","N","O","M","52","DE","N","N","160.15","N"
"20138861","2022-06-21T16:43:03.000",,,"N","B","M","24","DE","N","Y","160.05","N"
"20216538","2021-11-27T12:29:46.000",,"MED","Y","O","M","50","DE","N","N","135.20","N"
"20201359","2020-10-10T01:00:04.000",,"MAX","Y","B","M","26","SSR","N","Y","265.02","Y"
"30860","2021-02-08T20:56:23.000",,"MAX","N","O","M","51","DE","N","N","160.15","Y"
"20133963","2021-01-21T01:49:11.000",,"MED","N","B","M","37","DE","N","N","160.15","Y"
"20128797","2022-04-14T18:05:07.000",,"MED","N","O","M","25","DE","N","N","140.25","N"
"20195445","2019-09-17T17:31:01.000",,"MED","N","B","M","54","DE","N","N","125.25","Y"
"20218412","2022-04-28T10:50:42.000",,"MED","N","B","M","22","CS","N","N",,"N"
"20031853","2022-02-02T17:20:20.000",,"MAX","N","O","M","29","DEP","N","Y","VOP","Y"
"20034337","2022-02-09T16:36:46.000",,"MED","N","B","M","30","DE","N","N","125.25","N"
"135604","2022-04-29T13:34:19.000",,"MAX","N","O","M","32","CS","N","N",,"N"
"23129","2022-06-08T23:55:05.000",,"MED","N","B","M","59","DEP","N","N","160.05","N"
"20132195","2022-06-24T15:49:15.000",,,"N","O","M","33","DE","N","N","215.51","N"
"157704","2022-06-08T21:07:45.000",,"MED","Y","B","M","37","DE","N","N","140.25","N"
"20201282","2022-06-25T20:30:35.000",,,"N","B","M","47","DE","N","N","165.09","N"
"20196324","2021-08-08T12:25:21.000",,"MAX","Y","B","M","20","DE","N","Y","110-125.25","Y"
"20209310","2020-02-13T00:05:10.000",,"MED","Y","O","M","29","DE","N","N","265.13","Y"
"20207560","2021-09-24T00:33:56.000",,"MAX","Y","B","M","20","DE","N","Y","110-125.25","Y"
"20205544","2022-04-19T16:14:49.000",,"MED","N","O","M","22","DE","N","N","110-125.25","N"
"87805","2022-05-19T16:57:00.000",,"MIN","Y","B","M","52","DE","N","N","160.15","N"
"10000634","2021-08-07T15:54:00.000",,"MIN","Y","B","M","53","DE","N","N","265.02","Y"
"20174138","2022-02-25T01:20:29.000",,"MED","N","O","M","27","DE","N","N","110-125.25","N"
"20034940","2022-04-27T16:57:48.000",,"MIN","N","B","M","49","DE","N","N","VTL 1192.2","N"
"20218873","2022-05-26T16:28:15.000",,"MED","N","B","M","35","DE","N","N","130.65","N"
"20179478","2022-06-16T05:17:17.000",,"MIN","N","O","M","41","DE","N","N","220.43","N"
"69788","2022-06-08T01:46:39.000",,"MIN","Y","W","F","35","DE","N","N","155.25","N"
"20054135","2021-02-14T01:20:26.000",,"MAX","Y","B","M","30","DE","N","Y","265.02","Y"
"71017","2022-06-19T15:49:25.000",,"MED","N","O","M","48","DPV","N","N",,"N"
"20186076","2022-04-13T17:37:02.000",,"MIN","N","B","M","24","CS","N","N",,"N"
"8028","2020-05-21T22:12:14.000",,"MAX","N","B","M","35","DE","N","Y","230.34","Y"
"20218543","2022-05-06T19:57:00.000",,"MED","Y","B","M","32","DE","N","N","130.95","N"
"20182441","2022-03-30T22:35:00.000",,"MIN","N","O","M","30","DE","N","N","120.05","N"
"20121045","2022-06-28T18:59:58.000",,,"N","B","M","28","DPV","N","N",,"N"
"20212256","2021-05-17T11:05:00.000",,"MAX","Y","B","M","20","DE","N","Y","105.17","Y"
"21189","2022-03-26T17:04:07.000",,"MIN","N","B","M","51","DE","N","N","265.02","N"
"20211505","2022-05-09T13:20:53.000",,"MED","N","B","M","20","CS","N","Y",,"N"
"20205006","2019-06-13T19:00:00.000",,"MED","N","O","M","48","SSR","N","N",,"N"
"20217296","2022-03-02T12:48:48.000",,"MIN","Y","B","M","19","DE","N","N",,"Y"
"20096026","2021-06-24T23:28:00.000",,"MIN","Y","B","M","60","DEP","N","N","110-125.25","N"
"20132992","2020-06-19T23:21:40.000",,"MAX","Y","O","M","35","DE","N","N","120.05","Y"
"20167394","2020-08-14T17:42:21.000",,"MAX","N","B","M","22","DE","N","Y","125.25","Y"
"20101909","2020-10-06T16:36:27.000",,"MAX","Y","B","M","30","DE","N","N","125.25","Y"
"20119642","2019-08-18T10:33:00.000",,"MED","Y","B","M","29","DE","N","N","VTL 1192.2","N"
"20155889","2022-03-19T05:43:40.000",,"MIN","N","I","M","30","CS","N","N","110-220.16","N"
"20213417","2021-12-02T19:18:40.000",,"MIN","N","B","M","29","DE","N","N","265.03","N"
"20202848","2022-04-29T12:58:53.000",,"MED","Y","W","M","34","DE","N","N","170.25","N"
"20218972","2022-06-02T20:31:08.000",,"MED","Y","B","M","31","DE","N","N","150.15","N"
"20217584","2022-06-10T13:15:00.000",,"MIN","N","B","M","19","CS","N","N","265.03","N"
"86720","2019-01-24T01:30:06.000",,"MED","N","O","M","59","SSR","N","N",,"Y"
"20208590","2022-02-10T22:57:00.000",,"MED","Y","O","F","20","DE","N","N","110-125.25","N"
"20208596","2021-11-10T18:20:08.000",,"MIN","Y","B","M","29","DE","N","N","160.15","N"
"136745","2022-06-07T11:20:00.000",,"MIN","N","W","M","39","DE","N","N","110-125.25","N"
"20210141","2021-06-18T00:52:59.000",,"MAX","N","O","M","20","DE","N","N","110-125.25","Y"
"20215290","2021-08-12T00:22:51.000",,"MIN","N","O","M","40","DE","N","N","220.18","N"
"20100689","2022-03-20T16:45:33.000",,"MED","N","W","M","31","DE","N","N","215.51","N"
"20108626","2022-05-25T11:53:46.000",,"MAX","Y","B","M","34","DE","N","N","140.20","N"
"20118256","2020-04-01T18:06:06.000",,"MAX","N","B","M","25","DE","N","Y","110-125.25","Y"
"105982","2020-11-05T15:46:41.000",,"MAX","N","B","M","48","DE","N","Y","125.25","Y"
"20211419","2021-09-16T12:04:04.000",,"MED","Y","B","M","46","DE","N","N","160.15","Y"
"20218744","2022-05-19T11:07:36.000",,"MIN","N","B","M","24","DE","N","N","130.52","N"
"20147307","2020-10-31T17:45:36.000",,"MED","Y","O","F","61","DE","N","N","160.15","Y"
"20216539","2021-11-27T15:40:25.000",,"MED","N","B","M","53","DE","N","N","125.20","N"
"77047","2021-12-06T16:01:01.000",,"MED","Y","B","M","55","DE","N","N","120.10","Y"
"20125060","2021-02-25T16:34:00.000",,"MAX","N","B","M","27","DEP","N","N","130.50","Y"
"147789","2021-08-22T17:09:49.000",,"MAX","Y","B","M","32","DE","N","Y","160.15","Y"
"20218489","2022-05-03T12:27:51.000",,"MED","N","O","M","50","CS","N","N","130.65","N"
"20144576","2022-01-04T03:26:52.000",,"MAX","Y","B","M","24","DE","N","Y","125.25","Y"
"20218751","2022-05-19T13:40:57.000",,"MED","N","O","M","48","DE","N","N","125.25","N"
"20218261","2022-06-09T17:51:52.000",,"MED","N","B","M","19","DE","N","N","105.15","N"
"20200911","2022-01-14T19:57:00.000",,"MIN","Y","B","M","48","DE","N","N","FOA 900.00","N"
"20094730","2020-06-21T14:35:48.000",,"MAX","N","B","M","27","DE","N","Y","160.10","Y"
"20204146","2022-02-24T18:27:34.000",,"MED","Y","B","M","43","DE","N","N","110-125.25","Y"
"20219098","2022-06-10T16:30:44.000",,"MIN","N","O","M","38","DE","N","N","215.50","N"
"20218492","2022-05-04T00:27:47.000",,"MIN","N","O","M","32","DE","N","N","263.15","N"
"20219194","2022-06-16T05:14:59.000",,"MIN","N","O","M","59","DE","N","N","220.43","N"
"20046597","2022-06-13T10:49:00.000",,,"N","O","M","44","CS","N","N","110-265.03","N"
"101466","2022-04-25T11:27:20.000",,"MIN","N","B","M","36","DE","N","N","265.03","N"
"20218444","2022-04-30T20:35:49.000",,"MED","N","B","M","18","DE","N","N","120.05","N"
"20156091","2022-06-02T18:49:16.000",,"MAX","Y","B","M","27","DE","N","N","120.05","N"
"20114786","2022-04-15T17:03:21.000",,"MED","N","O","M","36","DE","N","N","110-160.15","N"
"20080487","2022-03-23T11:43:15.000",,"MAX","N","B","M","27","DE","N","Y","220.16","N"
"42356","2022-06-21T23:33:36.000",,,"Y","O","M","37","DE","N","N","120.05","N"
"20210915","2022-06-13T14:15:07.000",,"MAX","Y","B","M","37","DE","N","Y","265.02","N"
"20216816","2021-12-20T19:50:34.000",,"MED","Y","B","M","25","DE","N","N","160.15","N"
"20189296","2021-10-05T14:05:00.000",,"MAX","Y","B","M","28","DE","N","Y","265.03","N"
"20218003","2022-03-30T17:11:40.000",,"MED","Y","O","F","32","DE","N","N","125.25","N"
"20148679","2022-02-07T20:11:15.000",,"MAX","Y","B","M","25","DE","N","N","260.10","N"
"170648","2022-06-15T15:36:00.000",,"MIN","N","B","M","43","DE","N","N","265.03","N"
"20219343","2022-06-24T11:51:39.000",,,"N","B","M","20","DE","N","N","160.15","N"
"20214967","2021-11-29T16:03:48.000",,"MED","Y","B","F","29","DE","N","N","125.25","Y"
"20159029","2022-06-10T12:44:18.000",,"MIN","N","O","M","60","DE","N","N","110-125.25","N"
"20176678","2021-07-11T22:05:06.000",,"MAX","N","B","M","23","DE","N","Y","160.15","Y"
"20071694","2022-05-04T20:25:50.000",,"MIN","Y","O","M","43","DE","N","N","155.30","N"
"58151","2022-04-03T16:29:00.000",,"MAX","Y","O","M","38","DE","N","Y","265.03","N"
"38219","2019-12-22T00:44:27.000",,"MAX","Y","O","M","34","SSR","N","N","150.15","Y"
"20176343","2022-04-14T01:18:00.000",,"MED","N","O","M","29","DE","N","Y","220.03","Y"
"2816","2022-04-27T17:44:15.000",,"MED","N","B","M","35","CS","N","N","265.01","N"
"20199405","2021-08-18T15:56:37.000",,"MIN","N","B","M","21","DE","N","Y","265.03","Y"
"168864","2021-12-06T18:07:13.000",,"MIN","Y","B","M","40","DE","N","N","120.05H","N"
"20145289","2022-04-14T01:20:40.000",,"MED","Y","B","M","26","DE","N","Y","160.15","N"
"10003841","2021-05-03T20:28:36.000",,"MIN","N","W","M","41","DE","N","N","120.05","N"
"20217089","2022-01-19T14:06:10.000",,"MIN","Y","B","M","21","CS","N","Y","110-160.05","N"
"20206432","2022-02-26T19:36:40.000",,"MIN","Y","O","M","28","DE","N","N","110-125.25","N"
"20126676","2022-01-26T20:17:17.000",,"MED","Y","O","M","44","DE","N","N","125.25","N"
"10003166","2022-04-30T11:32:15.000",,"MIN","Y","B","M","36","DE","N","N","160.10","N"
"20219186","2022-06-16T00:37:00.000",,"MIN","N","B","M","19","DE","N","Y","265.03","N"
"55469","2022-06-11T08:04:15.000",,,"Y","B","M","40","DE","N","Y","140.20","N"
"20212611","2021-01-07T11:05:52.000",,"MAX","N","O","M","19","DE","N","Y","105.15","Y"
"20190422","2022-03-16T23:20:00.000",,"MED","Y","O","M","33","DE","N","N","140.25","N"
"20212810","2022-06-28T13:46:24.000",,,"N","B","M","45","DEP","N","N","155.25","N"
"20219223","2022-06-17T19:33:49.000",,,"N","O","M","29","DE","N","N","265.11","N"
"20206445","2022-04-27T11:45:00.000",,"MED","N","O","M","21","SSR","N","N",,"N"
"20012714","2022-03-20T11:44:25.000",,"MIN","Y","B","M","46","DE","N","N","140.25","N"
"20129518","2021-10-08T23:34:30.000",,"MED","N","B","M","45","DE","N","N","160.15","N"
"20217730","2022-06-11T19:33:18.000",,"MIN","N","B","F","30","DE","N","N","215.50","N"
"20211773","2020-10-25T01:44:00.000",,"MAX","Y","B","M","20","DE","N","Y","125.25","Y"
"68872","2022-05-15T16:52:23.000",,"MAX","Y","O","M","34","DE","N","N","140.25","N"
"125474","2022-03-23T15:51:14.000",,"MAX","Y","B","M","31","DE","N","N","120.10","Y"
"20217192","2022-01-26T14:43:07.000",,"MED","N","B","M","27","CS","N","N",,"Y"
"20117966","2019-10-04T21:36:49.000",,"MAX","Y","B","M","26","SSR","N","N",,"Y"
"52243","2022-03-08T11:31:05.000",,"MIN","N","O","M","52","CS","N","N","110-220.16","N"
"20219057","2022-06-08T11:49:09.000",,"MIN","N","O","M","25","DE","N","N","220.43","N"
"20209622","2020-03-09T23:55:41.000",,"MAX","N","O","M","25","DE","N","N","215.51","Y"
"127790","2022-06-09T00:51:14.000",,"MED","N","W","M","31","DE","N","N","120.05","N"
"107627","2021-07-02T21:57:45.000",,"MAX","N","B","M","33","DE","N","N","125.25","Y"
"20212067","2022-06-28T19:05:48.000",,,"N","B","M","32","DE","N","N",,"N"
"20217336","2022-03-18T01:50:44.000",,"MIN","Y","B","M","24","DE","N","N","215.51","N"
"20206926","2021-11-30T11:10:00.000",,"MIN","N","O","M","37","CS","N","N","130.60","N"
"20036051","2021-09-30T12:04:39.000",,"MED","Y","W","M","42","DE","N","N","125.15","N"
"20213978","2021-05-07T23:57:07.000",,"MIN","N","W","M","35","DE","N","N","160.15","N"
"47017","2022-02-24T13:12:53.000",,"MIN","N","B","M","57","DE","N","N","160.15","N"
"111673","2022-02-11T21:21:28.000",,"MAX","N","W","M","42","DE","N","N","110-140.25","N"
"20177841","2021-08-29T19:54:45.000",,"MAX","N","B","M","23","DE","N","Y","265.03","Y"
"20207690","2022-06-18T12:37:45.000",,"MED","N","W","M","35","DE","N","N","155.25","N"
"20155627","2021-06-23T11:19:02.000",,"MIN","Y","B","M","31","DE","N","N","230.34","N"
"20218264","2022-04-17T22:33:08.000",,"MIN","N","B","M","33","DE","N","N","265.03","N"
"20167598","2022-03-29T02:21:56.000",,"MED","Y","B","M","31","DE","N","N","110-125.25","N"
"20196729","2021-12-05T03:09:45.000",,"MAX","N","B","M","20","DE","N","N","160.10","Y"
"20186899","2022-04-28T12:48:49.000",,"MIN","N","B","M","21","CS","N","N","155.30","N"
"20218986","2022-06-03T17:20:42.000",,"MED","N","B","F","31","DE","N","N","FOA 900.00","N"
"20050647","2022-01-19T14:21:27.000",,"MAX","N","B","M","28","DE","N","Y","110-125.25","Y"
"20185607","2021-01-27T16:59:44.000",,"MAX","Y","B","M","26","DE","N","Y","125.25","Y"
"20212933","2021-02-05T17:18:29.000",,"MED","N","O","M","36","DE","N","N","220.21","N"
"20211932","2022-06-08T15:45:26.000",,"MED","N","B","M","22","DE","N","N",,"N"
"20098231","2022-02-09T01:11:00.000",,"MAX","N","B","M","25","DE","N","Y","160.15","N"
"4622","2021-08-18T22:31:17.000",,"MED","Y","B","M","35","DE","N","N","110-125.25","N"
"20216688","2021-12-08T14:18:14.000",,"MED","Y","O","M","19","DE","N","N","125.25","N"
"20207332","2022-04-15T11:48:48.000",,"MED","N","O","M","26","DE","N","N","265.03","N"
"20215412","2022-01-31T11:19:02.000",,"MED","N","B","M","20","CS","N","Y","110-125.25","N"
"20190520","2022-06-04T02:31:17.000",,"MAX","N","B","M","21","DE","N","Y","125.21","N"
"20176869","2022-06-28T10:53:26.000",,,"N","B","M","32","DNS","N","N","265.02","N"
"20153544","2017-12-29T01:12:33.000",,"MAX","Y","O","M","28","DE","N","Y","230.34","Y"
"20140644","2022-03-02T20:36:25.000",,"MED","Y","B","F","40","DE","N","N","140.25","N"
"20170482","2022-04-06T21:10:16.000",,"MAX","Y","B","M","26","DE","N","N","160.10","Y"
"33183","2021-11-30T16:09:40.000",,"MED","N","B","M","37","CS","N","N","220.41","N"
"20075264","2022-05-18T19:45:17.000",,"MAX","Y","W","F","30","DE","N","N","160.05","Y"
"20216143","2021-10-23T12:50:21.000",,"MED","Y","O","M","23","DE","N","N","125.27","N"
"35916","2022-06-24T21:35:34.000",,,"N","O","M","40","DEP","N","Y","VOP","N"
"20142133","2022-04-20T12:33:55.000",,"MED","Y","O","M","29","DE","N","N","140.20","N"
"20206437","2021-02-01T12:02:25.000",,"MAX","Y","B","M","20","DE","N","Y","125.25","Y"
"20028817","2021-03-29T22:45:16.000",,"MIN","N","O","M","54","DE","N","N","220.16","N"
"20075228","2020-07-30T16:57:05.000",,"MAX","Y","B","M","29","DNS","N","N",,"Y"
"152169","2020-12-30T17:37:05.000",,"MAX","N","B","M","32","DE","N","Y","125.20","Y"
"20031786","2022-05-31T10:46:51.000",,"MAX","N","O","M","29","DE","N","N","160.15","N"
"20019564","2021-07-26T00:14:00.000",,"MAX","Y","W","M","33","DE","N","N","160.15","N"
"20206660","2019-08-28T19:42:00.000",,"MED","Y","B","M","24","DE","N","N","125.25","Y"
"20216785","2021-12-17T21:37:41.000",,"MAX","Y","O","M","20","DE","N","N","125.25","Y"
"20103928","2021-05-19T17:28:38.000",,"MED","N","B","M","28","DE","N","N","110-120.10","N"
"20212949","2021-02-06T12:20:48.000",,"MED","Y","O","M","48","DE","N","N","130.35","Y"
"20064272","2021-08-12T17:40:05.000",,"MAX","Y","O","M","33","DEP","N","N","125.27","Y"
"20219077","2022-06-09T10:51:35.000",,"MIN","N","W","M","47","DE","N","N","220.21","N"
"157370","2022-05-20T01:33:27.000",,"MED","Y","W","M","34","DE","N","N","110-120.10","N"
"20216701","2021-12-09T17:58:20.000",,"MAX","Y","B","M","28","DE","N","N","265.03","N"
"66011","2022-06-12T01:49:15.000",,"MIN","N","O","M","44","DE","N","N","120.00","N"
"20216747","2021-12-14T17:03:49.000",,"MED","N","B","M","31","DE","N","N","110-130.30","N"
"20212876","2021-01-31T20:16:42.000",,"MED","Y","B","M","30","DE","N","N","125.25","N"
"20002280","2021-12-09T11:14:29.000",,"MIN","Y","O","M","56","DE","N","N","110-125.25","N"
"20211463","2020-10-02T13:32:46.000",,"MAX","Y","O","M","22","DE","N","Y","125.20","Y"
"20217253","2022-02-01T16:44:00.000",,"MED","N","O","M","19","DE","N","N","125.25","Y"
"20196924","2021-03-18T16:53:47.000",,"MAX","Y","B","M","22","DE","N","N","120.10","Y"
"20142196","2022-01-23T00:54:15.000",,"MAX","Y","A","M","45","DE","N","N","160.15","N"
"20176546","2021-03-11T15:17:50.000",,"MAX","Y","B","F","28","DE","N","N","125.25","Y"
"20199294","2022-02-09T17:06:38.000",,"MAX","N","O","M","24","DE","N","N","135.25","N"
"28558","2020-08-30T14:13:48.000",,"MED","Y","B","M","48","SSR","N","N",,"Y"
"20207986","2021-11-18T18:44:36.000",,"MIN","Y","B","M","37","DE","N","N","110-125.25","N"
"46554","2022-04-19T11:13:28.000",,"MED","N","O","M","46","DE","N","N","140.25","Y"
"112562","2021-06-14T01:22:19.000",,"MAX","Y","B","M","25","DE","N","N","110-160.15","N"
"143431","2020-12-26T20:20:48.000",,"MED","N","O","M","67","DE","N","N","130.53","N"
"16675","2022-06-07T18:22:53.000",,"MIN","N","B","M","43","DEP","N","N","VOP","N"
"17294","2022-05-22T08:50:05.000",,"MAX","N","O","M","47","DE","N","N","140.30","N"
"10000464","2022-05-04T16:57:24.000",,"MED","N","B","M","42","DE","N","N","140.30","N"
"20058813","2022-02-24T12:51:58.000",,"MAX","Y","B","M","27","DE","N","N","110-125.25","N"
"20216805","2021-12-19T22:22:00.000",,"MED","Y","B","M","31","DE","N","N","125.25","N"
"20189504","2022-03-15T18:12:54.000",,"MIN","Y","O","M","30","DE","N","N","160.15","N"
"20014590","2020-04-08T01:52:53.000",,"MAX","Y","B","M","32","DE","N","N","160.10","Y"
"20217747","2022-05-12T15:51:23.000",,"MED","N","O","M","19","DE","N","N","120.06","N"
"100980","2022-03-30T22:16:00.000",,"MAX","Y","B","M","36","DE","N","Y","265.03","N"
"20041237","2021-04-16T19:24:20.000",,"MED","N","O","M","30","DE","N","N","220.21","N"
"20218369","2022-04-25T10:38:00.000",,"MIN","Y","O","M","25","DE","N","N","120.05","N"
"33334","2021-07-04T23:49:09.000",,"MED","Y","B","M","36","DE","N","N","125.25","N"
"20122837","2022-06-27T12:53:32.000",,"MAX","Y","B","M","25","DE","N","Y","160.15","N"
"20152391","2022-01-29T22:18:04.000",,"MAX","Y","O","M","25","DEP","N","N","160.10","Y"
"20175576","2022-06-17T12:51:59.000",,"MAX","N","B","M","22","DE","N","Y","110-125.25","N"
"133313","2020-09-06T00:46:42.000",,"MAX","Y","O","M","32","DE","N","N","215.51","Y"
"28748","2021-11-17T17:16:30.000",,"MED","N","O","M","46","DE","N","N","130.35","N"
"20218386","2022-04-26T13:26:53.000",,"MIN","N","O","M","46","DE","N","N","265.03","N"
"20161801","2022-01-03T12:55:42.000",,"MIN","Y","B","M","40","CS","N","N","110-265.03","N"
"133666","2021-11-01T23:41:47.000",,"MIN","Y","B","F","61","DE","N","N","120.05","N"
"165139","2022-05-26T17:38:20.000",,"MIN","N","O","M","46","DE","N","N","160.05","N"
"18136","2022-05-01T00:44:55.000",,"MAX","Y","O","M","42","DEP","N","N","110-160.15","N"
"20013918","2022-04-11T21:01:15.000",,"MED","Y","B","M","45","DE","N","N","160.10","N"
"20169117","2022-03-30T15:30:04.000",,"MAX","Y","O","M","24","CS","N","N","265.01","N"
"20031900","2021-01-16T12:04:20.000",,"MAX","N","B","M","31","DE","N","N","125.25","Y"
"2158","2020-03-29T17:23:35.000",,"MAX","Y","O","M","43","DE","N","Y","125.25","Y"
"20205048","2019-06-15T11:02:00.000",,"MAX","Y","B","M","22","DE","N","Y","125.25","Y"
"20104199","2021-07-22T16:23:00.000",,"MAX","Y","B","M","25","DE","N","N","230.34","Y"
"164111","2022-05-31T15:20:35.000",,"MED","Y","B","M","43","DE","N","N","160.15","N"
"25848","2022-01-26T15:21:56.000",,"MIN","Y","O","M","34","CS","N","N","110-265.03","N"
"20183151","2020-01-25T00:59:52.000",,"MAX","Y","B","M","31","DE","N","N","120.10","Y"
"10674","2021-12-07T23:18:31.000",,"MAX","N","B","M","35","DEP","N","Y","110-125.25","Y"
"20056482","2022-06-12T01:32:30.000",,"MAX","N","W","M","28","DE","N","N",,"N"
"20206370","2019-08-14T12:59:13.000",,"MED","Y","B","M","28","DE","N","N","265.03","Y"
"20079440","2021-10-12T23:33:11.000",,"MIN","Y","O","M","58","DE","N","N","110-125.25","N"
"20092323","2021-02-08T12:26:39.000",,"MIN","Y","B","M","49","SSR","N","N",,"N"
"20112769","2022-06-01T00:43:30.000",,"MIN","N","W","M","47","DE","N","N","265.03","N"
"169420","2020-10-26T02:18:26.000",,"MED","Y","O","M","36","DE","N","N","125.25","Y"
"20086963","2022-03-22T20:53:26.000",,"MAX","N","B","M","28","DE","N","Y","265.03","N"
"20099816","2022-06-01T18:23:01.000",,,"N","B","M","40","DE","N","N","120.00","N"
"20175090","2021-06-30T23:50:52.000",,"MAX","N","B","M","24","DE","N","Y","265.03","N"
"20059404","2022-06-20T19:53:00.000",,"MED","N","B","M","39","DE","N","N","VTL 1111","N"
"7166","2020-01-11T15:53:18.000",,"MED","Y","B","M","35","DE","N","Y",,"Y"
"20193964","2018-04-17T00:10:15.000",,"MAX","N","B","M","31","SSR","N","N",,"Y"
"20078743","2020-12-01T07:56:39.000",,"MED","Y","B","M","30","DE","N","N","CO","N"
"20206617","2022-04-27T11:10:36.000",,"MED","Y","B","M","20","DE","N","Y","160.10","N"
"37419","2021-10-31T13:27:00.000",,"MIN","Y","B","M","38","DE","N","N","110-125.27","N"
"20219398","2022-06-29T00:22:34.000",,,"N","O","M","36","DE","N","N","130.96","N"
"20071015","2021-05-01T11:09:51.000",,"MAX","N","B","M","27","DE","N","N","110-125.25","Y"
"20071070","2020-11-02T12:49:18.000",,"MAX","N","B","M","32","DE","N","Y","125.21","Y"
"10003260","2021-09-10T08:45:30.000",,"MAX","N","A","M","39","DE","N","N","125.25","N"
"20189873","2022-03-30T13:00:16.000",,"MED","Y","B","M","21","DE","N","N","110-125.25","N"
"20210085","2022-04-21T12:20:12.000",,"MIN","Y","B","M","39","DE","N","N","265.03","N"
"20218683","2022-05-15T16:51:00.000",,"MED","N","O","M","42","DE","N","N","120.10","N"
"20060456","2022-01-25T16:40:10.000",,"MED","Y","B","M","44","DE","N","N","110-120.10","N"
"20195031","2021-06-16T23:30:53.000",,"MAX","N","B","M","28","DE","N","Y","125.25","Y"
"136041","2022-06-27T14:50:00.000",,,"Y","O","M","60","DE","N","N","120.00","N"
"124702","2022-03-29T16:41:37.000",,"MAX","Y","B","M","34","DE","N","N","120.05","N"
"21867","2021-10-15T13:21:02.000",,"MAX","N","B","M","35","DEP","N","Y","VOP","N"
"20136963","2021-03-11T20:24:59.000",,"MAX","N","B","M","26","DE","N","Y","125.25","Y"
"138253","2022-02-24T14:42:35.000",,"MAX","Y","B","M","37","DE","N","Y","160.15","N"
"20217602","2022-02-26T12:26:38.000",,"MIN","N","B","M","38","DE","N","N","140.25","N"
"20153677","2021-05-22T12:45:00.000",,"MAX","Y","B","M","25","DE","N","Y","120.10","Y"
"20213935","2021-05-04T21:15:59.000",,"MED","N","W","M","36","DE","N","N","125.25","Y"
"20206118","2021-10-21T19:14:32.000",,"MAX","Y","O","M","31","DE","N","N","110-140.25","N"
"20204700","2021-04-22T00:39:11.000",,"MED","N","B","M","20","DE","N","Y","110-125.25","Y"
"20219392","2022-06-28T11:22:15.000",,,"N","B","M","20","DNS","N","N",,"N"
"20093284","2022-06-23T21:54:58.000",,"MED","N","B","M","29","DE","N","N","155.30","N"
"20189635","2022-05-03T16:06:37.000",,"MED","N","B","M","22","CS","N","N","110-265.03","N"
"162168","2022-06-23T13:51:49.000",,"MAX","N","O","M","36","DE","N","Y","110-125.25","N"
"20022853","2019-07-10T20:16:24.000",,"MAX","N","W","M","35","DE","N","N","265.03","Y"
"20219296","2022-06-22T11:16:56.000",,,"N","O","M","23","SSR","N","N",,"N"
"20214062","2021-05-15T00:34:16.000",,"MIN","Y","O","M","50","DNS","N","N",,"N"
"20169752","2021-03-17T17:05:47.000",,"MAX","Y","O","M","28","DE","N","N","120.05","Y"
"20207533","2019-10-11T14:55:40.000",,"MIN","N","O","M","57","DE","N","N","220.21","N"
"20203253","2021-03-05T03:08:45.000",,"MAX","Y","O","M","22","DE","N","N","110-125.25","Y"
"20090601","2022-06-09T11:25:00.000",,"MIN","N","O","M","50","DE","N","N","220.16","N"
"20215776","2021-09-17T21:08:32.000",,"MAX","Y","B","M","19","DE","N","Y","160.15","Y"
"20161917","2022-03-17T12:37:52.000",,"MIN","N","B","M","27","CS","N","N","1192(3)","N"
"140838","2022-01-21T20:35:00.000",,"MAX","Y","B","M","31","DE","N","N","160.05","N"
"20215139","2022-03-09T17:38:15.000",,"MIN","Y","O","M","52","DE","N","N","120.10","N"
"28552","2022-03-09T16:30:00.000",,"MIN","N","O","M","40","DE","N","N","155.35","Y"
"20218907","2022-05-28T17:05:30.000",,"MIN","Y","A","M","41","DE","N","N","215.51","N"
"20124706","2021-12-31T23:51:06.000",,"MED","Y","O","M","53","DEP","N","N","110-125.25","N"
"10010804","2021-06-09T17:45:56.000",,"MED","N","B","M","30","DE","N","N","125.25","N"
"20219327","2022-06-23T13:20:00.000",,,"Y","B","M","41","DE","N","N","263.16","N"
"20199821","2020-09-12T02:20:58.000",,"MAX","N","B","M","23","DE","N","Y","110-125.25","Y"
"142197","2022-01-02T02:08:26.000",,"MED","N","B","M","61","DEP","N","N","160.15","N"
"20180820","2021-04-14T00:45:31.000",,"MED","Y","W","M","24","DE","N","Y","125.25","Y"
"79839","2020-06-13T00:26:24.000",,"MED","Y","B","M","34","DE","N","N","125.20","Y"
"20216459","2021-11-19T13:06:04.000",,"MAX","N","B","M","19","DE","N","Y","265.03","Y"
"62112","2021-07-23T11:41:49.000",,"MAX","Y","B","M","34","DEP","N","Y","125.25","Y"
"20212893","2021-02-02T16:08:17.000",,"MAX","Y","B","M","23","DE","N","N","120.07","Y"
